field_id,primary_source_id,secondary_source_id,source_document_type,period_coverage,expected_page_or_section,disclosure_status,reported_or_derived,derivation_method,conflict_id,open_question_id,extraction_priority,validation_source,notes
REV_010,SRC-003;SRC-004;SRC-005;SRC-006;SRC-007;SRC-008,SRC-009;SRC-010;SRC-011;SRC-012;SRC-013;SRC-014;SRC-015;SRC-016,10-Q income statement; Q4 via release + 10-K,FY25Q1-FY26Q4,Condensed consolidated statements of operations,directly_reported,reported,,,,1,"SRC-002 (FY25); SRC-024_RESERVED (FY26 10-K, NOT YET RECEIVED)",Q4 quarters: quarterly figures direct from Q4 release; validate vs FY(10-K) minus 9M(Q3 10-Q). FY26 annual validation blocked until SRC-024 arrives
REV_020,SRC-003;SRC-004;SRC-005;SRC-006;SRC-007;SRC-008,SRC-009;SRC-010;SRC-011;SRC-012;SRC-013;SRC-014;SRC-015;SRC-016,10-Q income statement; Q4 via release + 10-K,FY25Q1-FY26Q4,Condensed consolidated statements of operations,directly_reported,reported,,,,1,"SRC-002 (FY25); SRC-024_RESERVED (FY26 10-K, NOT YET RECEIVED)",Q4 quarters: quarterly figures direct from Q4 release; validate vs FY(10-K) minus 9M(Q3 10-Q). FY26 annual validation blocked until SRC-024 arrives
REV_030,SRC-003;SRC-004;SRC-005;SRC-006;SRC-007;SRC-008,SRC-009;SRC-010;SRC-011;SRC-012;SRC-013;SRC-014;SRC-015;SRC-016,10-Q income statement; Q4 via release + 10-K,FY25Q1-FY26Q4,Condensed consolidated statements of operations,directly_reported,reported,,,,1,"SRC-002 (FY25); SRC-024_RESERVED (FY26 10-K, NOT YET RECEIVED)",Q4 quarters: quarterly figures direct from Q4 release; validate vs FY(10-K) minus 9M(Q3 10-Q). FY26 annual validation blocked until SRC-024 arrives
REV_040,SRC-003;SRC-004;SRC-005;SRC-006;SRC-007;SRC-008,SRC-009;SRC-010;SRC-011;SRC-012;SRC-013;SRC-014;SRC-015;SRC-016,10-Q income statement; Q4 via release + 10-K,FY25Q1-FY26Q4,Condensed consolidated statements of operations,directly_reported,reported,,,,1,"SRC-002 (FY25); SRC-024_RESERVED (FY26 10-K, NOT YET RECEIVED)",Q4 quarters: quarterly figures direct from Q4 release; validate vs FY(10-K) minus 9M(Q3 10-Q). FY26 annual validation blocked until SRC-024 arrives
REV_050,SRC-003;SRC-004;SRC-005;SRC-006;SRC-007;SRC-008,SRC-009;SRC-010;SRC-011;SRC-012;SRC-013;SRC-014;SRC-015;SRC-016,10-Q income statement; Q4 via release + 10-K,FY25Q1-FY26Q4,Condensed consolidated statements of operations,directly_reported,reported,,,,1,"SRC-002 (FY25); SRC-024_RESERVED (FY26 10-K, NOT YET RECEIVED)",Q4 quarters: quarterly figures direct from Q4 release; validate vs FY(10-K) minus 9M(Q3 10-Q). FY26 annual validation blocked until SRC-024 arrives
REV_060,derived,SRC-009;SRC-010;SRC-011;SRC-012;SRC-013;SRC-014;SRC-015;SRC-016,calculation,FY25Q1-FY26Q4,n/a,calculable,derived,YoY from REV_050,,,2,,
REV_070,SRC-009;SRC-010;SRC-011;SRC-012;SRC-013;SRC-014;SRC-015;SRC-016,SRC-003;SRC-004;SRC-005;SRC-006;SRC-007;SRC-008,release headline; MD&A,FY25Q1-FY26Q4,Release headline bullets / MD&A currency discussion,disclosed_supplemental,reported,,,,2,,Oracle-computed CC; cannot be recomputed independently
REV_110,SRC-009;SRC-010;SRC-011;SRC-012;SRC-013;SRC-014;SRC-015;SRC-016,SRC-017 (FY26Q4 only); transcripts MISSING,earnings release; slides,FY25Q1-FY26Q4,Release headline bullets / financial highlights,expected_disclosed_supplemental - CONFIRM per quarter at extraction,reported,,C-03,Q-04,1,cross-release consistency,Never fill gaps with AI-report values (C-03)
REV_115,SRC-009;SRC-010;SRC-011;SRC-012;SRC-013;SRC-014;SRC-015;SRC-016,SRC-017 (FY26Q4 only); transcripts MISSING,earnings release; slides,FY25Q1-FY26Q4,Release headline bullets / financial highlights,expected_disclosed_supplemental - CONFIRM per quarter at extraction,reported,,C-03,Q-04,1,cross-release consistency,Never fill gaps with AI-report values (C-03)
REV_120,SRC-009;SRC-010;SRC-011;SRC-012;SRC-013;SRC-014;SRC-015;SRC-016,SRC-017 (FY26Q4 only); transcripts MISSING,earnings release; slides,FY25Q1-FY26Q4,Release headline bullets / financial highlights,expected_disclosed_supplemental - CONFIRM per quarter at extraction,reported,,C-03,Q-04,1,cross-release consistency,Never fill gaps with AI-report values (C-03)
REV_125,SRC-009;SRC-010;SRC-011;SRC-012;SRC-013;SRC-014;SRC-015;SRC-016,SRC-017 (FY26Q4 only); transcripts MISSING,earnings release; slides,FY25Q1-FY26Q4,Release headline bullets / financial highlights,expected_disclosed_supplemental - CONFIRM per quarter at extraction,reported,,C-03,Q-04,1,cross-release consistency,Never fill gaps with AI-report values (C-03)
REV_130,SRC-009;SRC-010;SRC-011;SRC-012;SRC-013;SRC-014;SRC-015;SRC-016,SRC-017 (FY26Q4 only); transcripts MISSING,earnings release; slides,FY25Q1-FY26Q4,Release headline bullets / financial highlights,expected_disclosed_supplemental - CONFIRM per quarter at extraction,reported,,C-03,Q-04,1,cross-release consistency,Never fill gaps with AI-report values (C-03)
REV_135,SRC-009;SRC-010;SRC-011;SRC-012;SRC-013;SRC-014;SRC-015;SRC-016,SRC-017 (FY26Q4 only); transcripts MISSING,earnings release; slides,FY25Q1-FY26Q4,Release headline bullets / financial highlights,expected_disclosed_supplemental - CONFIRM per quarter at extraction,reported,,C-03,Q-04,1,cross-release consistency,Never fill gaps with AI-report values (C-03)
REV_140,SRC-003;SRC-004;SRC-005;SRC-006;SRC-007;SRC-008,"SRC-002 (FY25); SRC-024_RESERVED (FY26 10-K, NOT YET RECEIVED)",10-Q/10-K MD&A,FY25Q1-FY26Q4,MD&A revenue discussion,expected_disclosed_supplemental - CONFIRM per filing,reported,,,,2,,Presence and definition to confirm; FY26 presentation change risk (Q-18)
REV_145,SRC-003;SRC-004;SRC-005;SRC-006;SRC-007;SRC-008,"SRC-002 (FY25); SRC-024_RESERVED (FY26 10-K, NOT YET RECEIVED)",10-Q/10-K MD&A,FY25Q1-FY26Q4,MD&A revenue discussion,expected_disclosed_supplemental - CONFIRM per filing,reported,,,,2,,Presence and definition to confirm; FY26 presentation change risk (Q-18)
REV_310,bridge: REV_120,none,derivation,FY25Q1-FY26Q4,n/a,derived_only,derived,= REV_120 where disclosed; else blank ('not disclosed'),C-03,Q-09,1,CHECK_020/030,
REV_320,bridge: REV_130,none,derivation,FY25Q1-FY26Q4,n/a,derived_only,derived,= REV_130 where disclosed; else blank,C-03,Q-09,1,CHECK_020/030,
REV_330,bridge: REV_010 - REV_110,REV_145 (MD&A),derivation,FY25Q1-FY26Q4,n/a,derived_only,derived,residual; cross-check vs MD&A license-support line,C-04,Q-09,1,CHECK_040,
REV_340,identity: REV_020,none,derivation,FY25Q1-FY26Q4,n/a,derived_only,derived,= REV_020,,,1,CHECK_020,
REV_350,identity: REV_030,none,derivation,FY25Q1-FY26Q4,n/a,derived_only,derived,= REV_030,,,1,CHECK_020,
REV_360,identity: REV_040,none,derivation,FY25Q1-FY26Q4,n/a,derived_only,derived,= REV_040,,,1,CHECK_020,
REV_370,calculation,none,derivation,FY25Q1-FY26Q4,n/a,derived_only,derived,sum of streams,,,1,CHECK_020,
COGS_010,SRC-003;SRC-004;SRC-005;SRC-006;SRC-007;SRC-008,SRC-009;SRC-010;SRC-011;SRC-012;SRC-013;SRC-014;SRC-015;SRC-016,10-Q income statement,FY25Q1-FY26Q4,Statements of operations - expenses,directly_reported,reported,,,,1,"SRC-002 (FY25); SRC-024_RESERVED (FY26 10-K, NOT YET RECEIVED)",Q4 quarters: quarterly figures direct from Q4 release; validate vs FY(10-K) minus 9M(Q3 10-Q). FY26 annual validation blocked until SRC-024 arrives
COGS_020,SRC-003;SRC-004;SRC-005;SRC-006;SRC-007;SRC-008,SRC-009;SRC-010;SRC-011;SRC-012;SRC-013;SRC-014;SRC-015;SRC-016,10-Q income statement,FY25Q1-FY26Q4,Statements of operations - expenses,directly_reported,reported,,,,1,"SRC-002 (FY25); SRC-024_RESERVED (FY26 10-K, NOT YET RECEIVED)",Q4 quarters: quarterly figures direct from Q4 release; validate vs FY(10-K) minus 9M(Q3 10-Q). FY26 annual validation blocked until SRC-024 arrives
COGS_030,SRC-003;SRC-004;SRC-005;SRC-006;SRC-007;SRC-008,SRC-009;SRC-010;SRC-011;SRC-012;SRC-013;SRC-014;SRC-015;SRC-016,10-Q income statement,FY25Q1-FY26Q4,Statements of operations - expenses,directly_reported,reported,,,,1,"SRC-002 (FY25); SRC-024_RESERVED (FY26 10-K, NOT YET RECEIVED)",Q4 quarters: quarterly figures direct from Q4 release; validate vs FY(10-K) minus 9M(Q3 10-Q). FY26 annual validation blocked until SRC-024 arrives
COGS_050,calculation,none,derivation,FY25Q1-FY26Q4,n/a,calculable,derived,see dictionary,,,2,,
COGS_060,calculation,none,derivation,FY25Q1-FY26Q4,n/a,calculable,derived,see dictionary,,,2,,
COGS_310,forecast-only (no source),none,n/a,FY25Q1-FY26Q4,n/a,not_disclosed,derived,,,Q-15,3,,Historical cells remain blank by design
COGS_320,forecast-only (no source),none,n/a,FY25Q1-FY26Q4,n/a,not_disclosed,derived,,,Q-15,3,,Historical cells remain blank by design
OPEX_010,SRC-003;SRC-004;SRC-005;SRC-006;SRC-007;SRC-008,SRC-009;SRC-010;SRC-011;SRC-012;SRC-013;SRC-014;SRC-015;SRC-016,10-Q income statement,FY25Q1-FY26Q4,Statements of operations - operating expenses,directly_reported,reported,,,,1,"SRC-002 (FY25); SRC-024_RESERVED (FY26 10-K, NOT YET RECEIVED)",Q4 quarters: quarterly figures direct from Q4 release; validate vs FY(10-K) minus 9M(Q3 10-Q). FY26 annual validation blocked until SRC-024 arrives
OPEX_020,SRC-003;SRC-004;SRC-005;SRC-006;SRC-007;SRC-008,SRC-009;SRC-010;SRC-011;SRC-012;SRC-013;SRC-014;SRC-015;SRC-016,10-Q income statement,FY25Q1-FY26Q4,Statements of operations - operating expenses,directly_reported,reported,,,,1,"SRC-002 (FY25); SRC-024_RESERVED (FY26 10-K, NOT YET RECEIVED)",Q4 quarters: quarterly figures direct from Q4 release; validate vs FY(10-K) minus 9M(Q3 10-Q). FY26 annual validation blocked until SRC-024 arrives
OPEX_030,SRC-003;SRC-004;SRC-005;SRC-006;SRC-007;SRC-008,SRC-009;SRC-010;SRC-011;SRC-012;SRC-013;SRC-014;SRC-015;SRC-016,10-Q income statement,FY25Q1-FY26Q4,Statements of operations - operating expenses,directly_reported,reported,,,,1,"SRC-002 (FY25); SRC-024_RESERVED (FY26 10-K, NOT YET RECEIVED)",Q4 quarters: quarterly figures direct from Q4 release; validate vs FY(10-K) minus 9M(Q3 10-Q). FY26 annual validation blocked until SRC-024 arrives
OPEX_040,SRC-003;SRC-004;SRC-005;SRC-006;SRC-007;SRC-008,SRC-009;SRC-010;SRC-011;SRC-012;SRC-013;SRC-014;SRC-015;SRC-016,10-Q income statement,FY25Q1-FY26Q4,Statements of operations - operating expenses,directly_reported,reported,,,,1,"SRC-002 (FY25); SRC-024_RESERVED (FY26 10-K, NOT YET RECEIVED)",Q4 quarters: quarterly figures direct from Q4 release; validate vs FY(10-K) minus 9M(Q3 10-Q). FY26 annual validation blocked until SRC-024 arrives
OPEX_050,SRC-003;SRC-004;SRC-005;SRC-006;SRC-007;SRC-008,SRC-009;SRC-010;SRC-011;SRC-012;SRC-013;SRC-014;SRC-015;SRC-016,10-Q income statement,FY25Q1-FY26Q4,Statements of operations - operating expenses,directly_reported,reported,,,,1,"SRC-002 (FY25); SRC-024_RESERVED (FY26 10-K, NOT YET RECEIVED)",Q4 quarters: quarterly figures direct from Q4 release; validate vs FY(10-K) minus 9M(Q3 10-Q). FY26 annual validation blocked until SRC-024 arrives
OPEX_060,SRC-003;SRC-004;SRC-005;SRC-006;SRC-007;SRC-008,SRC-009;SRC-010;SRC-011;SRC-012;SRC-013;SRC-014;SRC-015;SRC-016,10-Q income statement,FY25Q1-FY26Q4,Statements of operations - operating expenses,directly_reported,reported,,,,1,"SRC-002 (FY25); SRC-024_RESERVED (FY26 10-K, NOT YET RECEIVED)",Q4 quarters: quarterly figures direct from Q4 release; validate vs FY(10-K) minus 9M(Q3 10-Q). FY26 annual validation blocked until SRC-024 arrives
OPEX_070,SRC-003;SRC-004;SRC-005;SRC-006;SRC-007;SRC-008,SRC-009;SRC-010;SRC-011;SRC-012;SRC-013;SRC-014;SRC-015;SRC-016,10-Q cash-flow (YTD); release reconciliation,FY25Q1-FY26Q4,CF statement adjustments; non-GAAP tables,available_ytd,reported,standalone via YTD differencing,,,1,release non-GAAP SBC lines,
OPEX_080,calculation,none,derivation,FY25Q1-FY26Q4,n/a,calculable,derived,,,,2,,
PROF_010,SRC-003;SRC-004;SRC-005;SRC-006;SRC-007;SRC-008,SRC-009;SRC-010;SRC-011;SRC-012;SRC-013;SRC-014;SRC-015;SRC-016,10-Q income statement,FY25Q1-FY26Q4,Statements of operations,directly_reported,reported,,,,1,"SRC-002 (FY25); SRC-024_RESERVED (FY26 10-K, NOT YET RECEIVED)",Q4 quarters: quarterly figures direct from Q4 release; validate vs FY(10-K) minus 9M(Q3 10-Q). FY26 annual validation blocked until SRC-024 arrives
PROF_050,SRC-003;SRC-004;SRC-005;SRC-006;SRC-007;SRC-008,SRC-009;SRC-010;SRC-011;SRC-012;SRC-013;SRC-014;SRC-015;SRC-016,10-Q income statement,FY25Q1-FY26Q4,Statements of operations,directly_reported,reported,,,,1,"SRC-002 (FY25); SRC-024_RESERVED (FY26 10-K, NOT YET RECEIVED)",Q4 quarters: quarterly figures direct from Q4 release; validate vs FY(10-K) minus 9M(Q3 10-Q). FY26 annual validation blocked until SRC-024 arrives
PROF_060,SRC-003;SRC-004;SRC-005;SRC-006;SRC-007;SRC-008,SRC-009;SRC-010;SRC-011;SRC-012;SRC-013;SRC-014;SRC-015;SRC-016,10-Q income statement,FY25Q1-FY26Q4,Statements of operations,directly_reported,reported,,,,1,"SRC-002 (FY25); SRC-024_RESERVED (FY26 10-K, NOT YET RECEIVED)",Q4 quarters: quarterly figures direct from Q4 release; validate vs FY(10-K) minus 9M(Q3 10-Q). FY26 annual validation blocked until SRC-024 arrives
PROF_070,SRC-003;SRC-004;SRC-005;SRC-006;SRC-007;SRC-008,SRC-009;SRC-010;SRC-011;SRC-012;SRC-013;SRC-014;SRC-015;SRC-016,10-Q income statement,FY25Q1-FY26Q4,Statements of operations,directly_reported,reported,,,,1,"SRC-002 (FY25); SRC-024_RESERVED (FY26 10-K, NOT YET RECEIVED)",Q4 quarters: quarterly figures direct from Q4 release; validate vs FY(10-K) minus 9M(Q3 10-Q). FY26 annual validation blocked until SRC-024 arrives
PROF_080,SRC-003;SRC-004;SRC-005;SRC-006;SRC-007;SRC-008,SRC-009;SRC-010;SRC-011;SRC-012;SRC-013;SRC-014;SRC-015;SRC-016,10-Q income statement,FY25Q1-FY26Q4,Statements of operations,directly_reported,reported,,,,1,"SRC-002 (FY25); SRC-024_RESERVED (FY26 10-K, NOT YET RECEIVED)",Q4 quarters: quarterly figures direct from Q4 release; validate vs FY(10-K) minus 9M(Q3 10-Q). FY26 annual validation blocked until SRC-024 arrives
PROF_100,SRC-003;SRC-004;SRC-005;SRC-006;SRC-007;SRC-008,SRC-009;SRC-010;SRC-011;SRC-012;SRC-013;SRC-014;SRC-015;SRC-016,10-Q income statement,FY25Q1-FY26Q4,Statements of operations,directly_reported,reported,,,,1,"SRC-002 (FY25); SRC-024_RESERVED (FY26 10-K, NOT YET RECEIVED)",Q4 quarters: quarterly figures direct from Q4 release; validate vs FY(10-K) minus 9M(Q3 10-Q). FY26 annual validation blocked until SRC-024 arrives
PROF_120,SRC-003;SRC-004;SRC-005;SRC-006;SRC-007;SRC-008,SRC-009;SRC-010;SRC-011;SRC-012;SRC-013;SRC-014;SRC-015;SRC-016,10-Q income statement,FY25Q1-FY26Q4,Statements of operations,directly_reported,reported,,,,1,"SRC-002 (FY25); SRC-024_RESERVED (FY26 10-K, NOT YET RECEIVED)",Q4 quarters: quarterly figures direct from Q4 release; validate vs FY(10-K) minus 9M(Q3 10-Q). FY26 annual validation blocked until SRC-024 arrives
PROF_030,SRC-009;SRC-010;SRC-011;SRC-012;SRC-013;SRC-014;SRC-015;SRC-016,SRC-017,release non-GAAP reconciliation,FY25Q1-FY26Q4,GAAP-to-non-GAAP tables,directly_reported,reported,,,,1,CHECK_090,Non-GAAP: capture each reconciling item too
PROF_110,SRC-009;SRC-010;SRC-011;SRC-012;SRC-013;SRC-014;SRC-015;SRC-016,SRC-017,release non-GAAP reconciliation,FY25Q1-FY26Q4,GAAP-to-non-GAAP tables,directly_reported,reported,,,,1,CHECK_090,Non-GAAP: capture each reconciling item too
PROF_130,SRC-009;SRC-010;SRC-011;SRC-012;SRC-013;SRC-014;SRC-015;SRC-016,SRC-017,release non-GAAP reconciliation,FY25Q1-FY26Q4,GAAP-to-non-GAAP tables,directly_reported,reported,,,,1,CHECK_090,Non-GAAP: capture each reconciling item too
PROF_020,calculation,none,derivation,FY25Q1-FY26Q4,n/a,calculable,derived,,,,2,,
PROF_040,calculation,none,derivation,FY25Q1-FY26Q4,n/a,calculable,derived,,,,2,,
PROF_090,calculation,none,derivation,FY25Q1-FY26Q4,n/a,calculable,derived,,,,2,,
PROF_065,SRC-002; SRC-024_RESERVED,SRC-003;SRC-004;SRC-005;SRC-006;SRC-007;SRC-008,footnote,FY25Q1-FY26Q4,Non-operating income footnote,availability_unconfirmed,reported,,,,3,,May be annual-only; confirm at extraction
PROF_140,SRC-003;SRC-004;SRC-005;SRC-006;SRC-007;SRC-008,"SRC-002 (FY25); SRC-024_RESERVED (FY26 10-K, NOT YET RECEIVED)",10-Q CF statement (YTD); 10-K footnote,FY25Q1-FY26Q4,CF adjustments - depreciation line,available_ytd,reported,standalone via YTD differencing,C-02,,1,FY26 10-K (SRC-024) when received,
PROF_150,SRC-003;SRC-004;SRC-005;SRC-006;SRC-007;SRC-008,"SRC-002 (FY25); SRC-024_RESERVED (FY26 10-K, NOT YET RECEIVED)",10-Q CF statement,FY25Q1-FY26Q4,CF adjustments D + A lines,available_ytd,derived,sum of CF D and A lines; YTD differencing,,,1,,
PROF_160,calculation (blocked),none,derivation,FY25Q1-FY26Q4,n/a,blocked_definition,derived,,,Q-10,1,,Do not compute until EBITDA definition fixed (Q-10)
CF_010,SRC-003;SRC-004;SRC-005;SRC-006;SRC-007;SRC-008,"SRC-002 (FY25); SRC-024_RESERVED (FY26 10-K, NOT YET RECEIVED)",10-Q CF statement (YTD); 10-K (annual),FY25Q1-FY26Q4,Statements of cash flows,available_ytd,reported,standalone via YTD differencing (CF_015 method),,,1,CHECK_060,FY26 Q4/annual requires SRC-024 for filing-grade validation; interim: FY26 Q4 release CF tables
CF_020,SRC-003;SRC-004;SRC-005;SRC-006;SRC-007;SRC-008,"SRC-002 (FY25); SRC-024_RESERVED (FY26 10-K, NOT YET RECEIVED)",10-Q CF statement (YTD); 10-K (annual),FY25Q1-FY26Q4,Statements of cash flows,available_ytd,reported,standalone via YTD differencing (CF_015 method),,,1,CHECK_060,FY26 Q4/annual requires SRC-024 for filing-grade validation; interim: FY26 Q4 release CF tables
CF_040,SRC-003;SRC-004;SRC-005;SRC-006;SRC-007;SRC-008,"SRC-002 (FY25); SRC-024_RESERVED (FY26 10-K, NOT YET RECEIVED)",10-Q CF statement (YTD); 10-K (annual),FY25Q1-FY26Q4,Statements of cash flows,available_ytd,reported,standalone via YTD differencing (CF_015 method),,,2,CHECK_060,FY26 Q4/annual requires SRC-024 for filing-grade validation; interim: FY26 Q4 release CF tables
CF_050,SRC-003;SRC-004;SRC-005;SRC-006;SRC-007;SRC-008,"SRC-002 (FY25); SRC-024_RESERVED (FY26 10-K, NOT YET RECEIVED)",10-Q CF statement (YTD); 10-K (annual),FY25Q1-FY26Q4,Statements of cash flows,available_ytd,reported,standalone via YTD differencing (CF_015 method),,,2,CHECK_060,FY26 Q4/annual requires SRC-024 for filing-grade validation; interim: FY26 Q4 release CF tables
CF_060,SRC-003;SRC-004;SRC-005;SRC-006;SRC-007;SRC-008,"SRC-002 (FY25); SRC-024_RESERVED (FY26 10-K, NOT YET RECEIVED)",10-Q CF statement (YTD); 10-K (annual),FY25Q1-FY26Q4,Statements of cash flows,available_ytd,reported,standalone via YTD differencing (CF_015 method),,,2,CHECK_060,FY26 Q4/annual requires SRC-024 for filing-grade validation; interim: FY26 Q4 release CF tables
CF_070,SRC-003;SRC-004;SRC-005;SRC-006;SRC-007;SRC-008,"SRC-002 (FY25); SRC-024_RESERVED (FY26 10-K, NOT YET RECEIVED)",10-Q CF statement (YTD); 10-K (annual),FY25Q1-FY26Q4,Statements of cash flows,available_ytd,reported,standalone via YTD differencing (CF_015 method),,,2,CHECK_060,FY26 Q4/annual requires SRC-024 for filing-grade validation; interim: FY26 Q4 release CF tables
CF_080,SRC-003;SRC-004;SRC-005;SRC-006;SRC-007;SRC-008,"SRC-002 (FY25); SRC-024_RESERVED (FY26 10-K, NOT YET RECEIVED)",10-Q CF statement (YTD); 10-K (annual),FY25Q1-FY26Q4,Statements of cash flows,available_ytd,reported,standalone via YTD differencing (CF_015 method),,,2,CHECK_060,FY26 Q4/annual requires SRC-024 for filing-grade validation; interim: FY26 Q4 release CF tables
CF_090,SRC-003;SRC-004;SRC-005;SRC-006;SRC-007;SRC-008,"SRC-002 (FY25); SRC-024_RESERVED (FY26 10-K, NOT YET RECEIVED)",10-Q CF statement (YTD); 10-K (annual),FY25Q1-FY26Q4,Statements of cash flows,available_ytd,reported,standalone via YTD differencing (CF_015 method),,,2,CHECK_060,FY26 Q4/annual requires SRC-024 for filing-grade validation; interim: FY26 Q4 release CF tables
CF_015,calculation,none,derivation,FY25Q1-FY26Q4,n/a,calculable,derived,YTD differencing / identity,,,1,CHECK_060/100,
CF_025,calculation,none,derivation,FY25Q1-FY26Q4,n/a,calculable,derived,YTD differencing / identity,,,1,CHECK_060/100,
CF_030,calculation,none,derivation,FY25Q1-FY26Q4,n/a,calculable,derived,YTD differencing / identity,,,1,CHECK_060/100,
CF_110,calculation,none,derivation,FY25Q1-FY26Q4,n/a,calculable,derived,YTD differencing / identity,,,1,CHECK_060/100,
CF_035,SRC-009;SRC-010;SRC-011;SRC-012;SRC-013;SRC-014;SRC-015;SRC-016,none,release supplemental,FY25Q1-FY26Q4,TTM FCF table,expected_disclosed_supplemental,reported,,,,3,,Validation-only series
BS_010,SRC-003;SRC-004;SRC-005;SRC-006;SRC-007;SRC-008,"SRC-002 (FY25); SRC-024_RESERVED (FY26 10-K, NOT YET RECEIVED)",10-Q balance sheet,FY25Q1-FY26Q4,Condensed consolidated balance sheets,directly_reported,reported,,,,1,,FY26 year-end (May 31 2026) balance sheet requires SRC-024; interim: FY26 Q4 release condensed BS
BS_020,SRC-003;SRC-004;SRC-005;SRC-006;SRC-007;SRC-008,"SRC-002 (FY25); SRC-024_RESERVED (FY26 10-K, NOT YET RECEIVED)",10-Q balance sheet,FY25Q1-FY26Q4,Condensed consolidated balance sheets,directly_reported,reported,,,,1,,FY26 year-end (May 31 2026) balance sheet requires SRC-024; interim: FY26 Q4 release condensed BS
BS_040,SRC-003;SRC-004;SRC-005;SRC-006;SRC-007;SRC-008,"SRC-002 (FY25); SRC-024_RESERVED (FY26 10-K, NOT YET RECEIVED)",10-Q balance sheet,FY25Q1-FY26Q4,Condensed consolidated balance sheets,directly_reported,reported,,,,2,,FY26 year-end (May 31 2026) balance sheet requires SRC-024; interim: FY26 Q4 release condensed BS
BS_060,SRC-003;SRC-004;SRC-005;SRC-006;SRC-007;SRC-008,"SRC-002 (FY25); SRC-024_RESERVED (FY26 10-K, NOT YET RECEIVED)",10-Q balance sheet,FY25Q1-FY26Q4,Condensed consolidated balance sheets,directly_reported,reported,,,,2,,FY26 year-end (May 31 2026) balance sheet requires SRC-024; interim: FY26 Q4 release condensed BS
BS_070,SRC-003;SRC-004;SRC-005;SRC-006;SRC-007;SRC-008,"SRC-002 (FY25); SRC-024_RESERVED (FY26 10-K, NOT YET RECEIVED)",10-Q balance sheet,FY25Q1-FY26Q4,Condensed consolidated balance sheets,directly_reported,reported,,,,2,,FY26 year-end (May 31 2026) balance sheet requires SRC-024; interim: FY26 Q4 release condensed BS
BS_080,SRC-003;SRC-004;SRC-005;SRC-006;SRC-007;SRC-008,"SRC-002 (FY25); SRC-024_RESERVED (FY26 10-K, NOT YET RECEIVED)",10-Q balance sheet,FY25Q1-FY26Q4,Condensed consolidated balance sheets,directly_reported,reported,,,,2,,FY26 year-end (May 31 2026) balance sheet requires SRC-024; interim: FY26 Q4 release condensed BS
BS_090,SRC-003;SRC-004;SRC-005;SRC-006;SRC-007;SRC-008,"SRC-002 (FY25); SRC-024_RESERVED (FY26 10-K, NOT YET RECEIVED)",10-Q balance sheet,FY25Q1-FY26Q4,Condensed consolidated balance sheets,directly_reported,reported,,,,2,,FY26 year-end (May 31 2026) balance sheet requires SRC-024; interim: FY26 Q4 release condensed BS
BS_100,SRC-003;SRC-004;SRC-005;SRC-006;SRC-007;SRC-008,"SRC-002 (FY25); SRC-024_RESERVED (FY26 10-K, NOT YET RECEIVED)",10-Q balance sheet,FY25Q1-FY26Q4,Condensed consolidated balance sheets,directly_reported,reported,,,,2,,FY26 year-end (May 31 2026) balance sheet requires SRC-024; interim: FY26 Q4 release condensed BS
BS_030,calculation,none,derivation,FY25Q1-FY26Q4,n/a,calculable,derived,,,,1,,
BS_050,SRC-002; SRC-024_RESERVED,none,10-K PP&E footnote,FY25Q1-FY26Q4,PP&E footnote,annual_only,reported,,,,3,,
DEBT_010,SRC-003;SRC-004;SRC-005;SRC-006;SRC-007;SRC-008,"SRC-002 (FY25); SRC-024_RESERVED (FY26 10-K, NOT YET RECEIVED)",10-Q balance sheet / footnotes,FY25Q1-FY26Q4,Balance sheet; borrowings and leases footnotes,directly_reported,reported,,,,1,,FY26 year-end requires SRC-024
DEBT_020,SRC-003;SRC-004;SRC-005;SRC-006;SRC-007;SRC-008,"SRC-002 (FY25); SRC-024_RESERVED (FY26 10-K, NOT YET RECEIVED)",10-Q balance sheet / footnotes,FY25Q1-FY26Q4,Balance sheet; borrowings and leases footnotes,directly_reported,reported,,,,1,,FY26 year-end requires SRC-024
DEBT_050,SRC-003;SRC-004;SRC-005;SRC-006;SRC-007;SRC-008,"SRC-002 (FY25); SRC-024_RESERVED (FY26 10-K, NOT YET RECEIVED)",10-Q balance sheet / footnotes,FY25Q1-FY26Q4,Balance sheet; borrowings and leases footnotes,directly_reported,reported,,,,1,,FY26 year-end requires SRC-024
DEBT_060,SRC-003;SRC-004;SRC-005;SRC-006;SRC-007;SRC-008,"SRC-002 (FY25); SRC-024_RESERVED (FY26 10-K, NOT YET RECEIVED)",10-Q balance sheet / footnotes,FY25Q1-FY26Q4,Balance sheet; borrowings and leases footnotes,directly_reported,reported,,,,1,,FY26 year-end requires SRC-024
DEBT_030,calculation,none,derivation,FY25Q1-FY26Q4,n/a,calculable,derived,,C-01,,1,FY26 10-K (SRC-024),C-01 resolution = this field at FY26 year-end from SRC-024
DEBT_040,calculation,none,derivation,FY25Q1-FY26Q4,n/a,calculable,derived,,,,1,,
DEBT_070,SRC-024_RESERVED,SRC-002,10-K lease footnote,FY25Q1-FY26Q4,Leases footnote - commitments not yet commenced,annual_only,reported,,C-06,,1,,BLOCKED until SRC-024; press-sourced ~$260B unusable
DEBT_080,SRC-002; SRC-024_RESERVED,none,10-K debt footnote,FY25Q1-FY26Q4,Notes payable footnote - maturities,annual_only,reported,,,,2,,
DEBT_090,SRC-002; SRC-024_RESERVED,none,10-K debt footnote,FY25Q1-FY26Q4,Notes payable footnote,annual_only,reported,,,,3,,
DEBT_100,SRC-024_RESERVED,8-A/prospectus (not in repo),10-K; securities filing,FY25Q1-FY26Q4,Equity/mezzanine footnote,blocked_missing_source,reported,,C-05,Q-11,1,,
DEBT_110,SRC-024_RESERVED,SRC-009;SRC-010;SRC-011;SRC-012;SRC-013;SRC-014;SRC-015;SRC-016,10-K; releases,FY25Q1-FY26Q4,Equity footnote / EPS reconciliation,blocked_missing_source,reported,,,Q-11,2,,
SHARE_010,SRC-003;SRC-004;SRC-005;SRC-006;SRC-007;SRC-008,SRC-009;SRC-010;SRC-011;SRC-012;SRC-013;SRC-014;SRC-015;SRC-016,10-Q income statement,FY25Q1-FY26Q4,Statements of operations - per share data,directly_reported,reported,,,,1,CHECK_070,Q4 quarters: quarterly figures direct from Q4 release; validate vs FY(10-K) minus 9M(Q3 10-Q). FY26 annual validation blocked until SRC-024 arrives
SHARE_020,SRC-003;SRC-004;SRC-005;SRC-006;SRC-007;SRC-008,SRC-009;SRC-010;SRC-011;SRC-012;SRC-013;SRC-014;SRC-015;SRC-016,10-Q income statement,FY25Q1-FY26Q4,Statements of operations - per share data,directly_reported,reported,,,,1,CHECK_070,Q4 quarters: quarterly figures direct from Q4 release; validate vs FY(10-K) minus 9M(Q3 10-Q). FY26 annual validation blocked until SRC-024 arrives
SHARE_030,calculation,none,derivation,FY25Q1-FY26Q4,n/a,calculable,derived,,,,3,,
SHARE_040,SRC-003;SRC-004;SRC-005;SRC-006;SRC-007;SRC-008,"SRC-002 (FY25); SRC-024_RESERVED (FY26 10-K, NOT YET RECEIVED)",10-Q cover page,FY25Q1-FY26Q4,Cover page,directly_reported,reported,,,,3,,
SHARE_050,SRC-024_RESERVED,future 10-Qs,10-K equity footnote,FY25Q1-FY26Q4,Stockholders' equity footnote,blocked_missing_source,reported,,C-05,,2,,
SHARE_060,forecast-only (terms from SRC-024/prospectus),none,n/a,FY25Q1-FY26Q4,n/a,not_disclosed,derived,,,Q-11,2,,
SHARE_070,SRC-003;SRC-004;SRC-005;SRC-006;SRC-007;SRC-008,"SRC-002 (FY25); SRC-024_RESERVED (FY26 10-K, NOT YET RECEIVED)",10-Q CF/equity footnote,FY25Q1-FY26Q4,Financing activities; equity footnote,available_ytd,reported,,,,3,,
KPI_010,SRC-009;SRC-010;SRC-011;SRC-012;SRC-013;SRC-014;SRC-015;SRC-016,transcripts MISSING,release headline,FY25Q1-FY26Q4,Headline bullets,growth_rate_only,reported,,,,2,,Never impute dollar levels from growth-only disclosure
KPI_020,SRC-009;SRC-010;SRC-011;SRC-012;SRC-013;SRC-014;SRC-015;SRC-016,transcripts MISSING,release headline,FY25Q1-FY26Q4,Headline bullets,growth_rate_only,reported,,,,2,,Same handling as KPI_010
KPI_030,transcripts (MISSING - Q-04),SRC-017,transcript; slides,FY25Q1-FY26Q4,Q&A and prepared remarks,blocked_missing_source,reported,,,Q-04,2,,
KPI_040,SRC-017,transcripts (MISSING),slides; transcript,FY25Q1-FY26Q4,Business highlights slides,availability_unconfirmed,reported,,,,3,,
KPI_050,SRC-024_RESERVED,SRC-002,10-K,FY25Q1-FY26Q4,Risk factors; concentrations,annual_only,reported,,,Q-01,2,,May be qualitative only (Framework Q16-1)
KPI_060,transcripts (MISSING),SRC-024_RESERVED,transcript; 10-K,FY25Q1-FY26Q4,Q&A; commitments footnote,blocked_missing_source,reported,,C-07,Q-04,2,,
KPI_070,SRC-024_RESERVED,transcripts (MISSING),10-K; transcript,FY25Q1-FY26Q4,Deferred revenue/contract liability footnotes,blocked_missing_source,reported,,C-05,,2,,
RPO_010,SRC-003;SRC-004;SRC-005;SRC-006;SRC-007;SRC-008,SRC-009;SRC-010;SRC-011;SRC-012;SRC-013;SRC-014;SRC-015;SRC-016,10-Q revenue recognition footnote; release,FY25Q1-FY26Q4,Revenue recognition footnote,directly_reported,reported,,C-07,,1,release quotes,Footnote value wins over release rounding; FY26 Q4 needs SRC-024 (interim: SRC-016/017)
RPO_020,SRC-003;SRC-004;SRC-005;SRC-006;SRC-007;SRC-008,"SRC-002 (FY25); SRC-024_RESERVED (FY26 10-K, NOT YET RECEIVED)",10-Q footnote,FY25Q1-FY26Q4,Revenue recognition footnote,directly_reported,reported,,,,1,,
RPO_030,calculation,none,derivation,FY25Q1-FY26Q4,n/a,calculable,derived,,,,2,,RPO_060 approximate only - see dictionary limitation
RPO_040,calculation,none,derivation,FY25Q1-FY26Q4,n/a,calculable,derived,,,,2,,RPO_060 approximate only - see dictionary limitation
RPO_060,calculation,none,derivation,FY25Q1-FY26Q4,n/a,calculable,derived,,,,2,,RPO_060 approximate only - see dictionary limitation
RPO_050,SRC-024_RESERVED,SRC-002,10-K footnote,FY25Q1-FY26Q4,Revenue recognition footnote,annual_only,reported,,,,2,,
CAP_010,SRC-024_RESERVED,SRC-016;SRC-017; transcripts MISSING,10-K; release/call,FY25Q1-FY26Q4,CF statement; contract liabilities footnote,blocked_missing_source,reported,,C-05,,1,,
CAP_020,SRC-024_RESERVED,SRC-016; transcripts MISSING,10-K; release/call,FY25Q1-FY26Q4,Financing activities; debt footnote,blocked_missing_source,reported,,C-05,,2,,
CAP_030,SRC-016;SRC-017,transcripts MISSING,release; slides; call,FY25Q1-FY26Q4,Guidance sections,expected_disclosed_supplemental,reported,,,,1,,Capture management definition verbatim at extraction
CAP_040,SRC-002; SRC-024_RESERVED,none,10-K PP&E footnote,FY25Q1-FY26Q4,PP&E footnote,annual_only,reported,,,,3,,
CAP_050,forecast-only (no source),none,n/a,FY25Q1-FY26Q4,n/a,not_disclosed,derived,,,Q-15,2,,Analytical construct; historical cells stay blank
CAP_060,SRC-002; SRC-024_RESERVED,none,10-K commitments footnote,FY25Q1-FY26Q4,Commitments and contingencies,annual_only,reported,,,,3,,
VAL_010,model (Gates 9-13),none,n/a,FY25Q1-FY26Q4,n/a,forecast_only,derived,,,,3,,Scaffolding only; no historical extraction
VAL_020,model (Gates 9-13),none,n/a,FY25Q1-FY26Q4,n/a,forecast_only,derived,,,,3,,Scaffolding only; no historical extraction
VAL_030,model (Gates 9-13),none,n/a,FY25Q1-FY26Q4,n/a,forecast_only,derived,,,,3,,Scaffolding only; no historical extraction
VAL_040,model (Gates 9-13),none,n/a,FY25Q1-FY26Q4,n/a,forecast_only,derived,,,,3,,Scaffolding only; no historical extraction
VAL_050,model (Gates 9-13),none,n/a,FY25Q1-FY26Q4,n/a,forecast_only,derived,,,,3,,Scaffolding only; no historical extraction
VAL_060,model (Gates 9-13),none,n/a,FY25Q1-FY26Q4,n/a,forecast_only,derived,,,,3,,Scaffolding only; no historical extraction
VAL_070,model (Gates 9-13),none,n/a,FY25Q1-FY26Q4,n/a,forecast_only,derived,,,,3,,Scaffolding only; no historical extraction
VAL_080,model (Gates 9-13),none,n/a,FY25Q1-FY26Q4,n/a,forecast_only,derived,,,,3,,Scaffolding only; no historical extraction
CHECK_010,calculation,none,validation,FY25Q1-FY26Q4,n/a,calculable,derived,,,,1,,Gate 6 gating check - must pass before figures are quoted
CHECK_020,calculation,none,validation,FY25Q1-FY26Q4,n/a,calculable,derived,,,,1,,Gate 6 gating check - must pass before figures are quoted
CHECK_030,calculation,none,validation,FY25Q1-FY26Q4,n/a,calculable,derived,,,,1,,Gate 6 gating check - must pass before figures are quoted
CHECK_040,calculation,none,validation,FY25Q1-FY26Q4,n/a,calculable,derived,,,,1,,Gate 6 gating check - must pass before figures are quoted
CHECK_050,calculation,none,validation,FY25Q1-FY26Q4,n/a,calculable,derived,,,,1,,Gate 6 gating check - must pass before figures are quoted
CHECK_060,calculation,none,validation,FY25Q1-FY26Q4,n/a,calculable,derived,,,,1,,Gate 6 gating check - must pass before figures are quoted
CHECK_070,calculation,none,validation,FY25Q1-FY26Q4,n/a,calculable,derived,,,,1,,Gate 6 gating check - must pass before figures are quoted
CHECK_080,calculation,none,validation,FY25Q1-FY26Q4,n/a,calculable,derived,,,,1,,Gate 6 gating check - must pass before figures are quoted
CHECK_090,calculation,none,validation,FY25Q1-FY26Q4,n/a,calculable,derived,,,,1,,Gate 6 gating check - must pass before figures are quoted
CHECK_100,calculation,none,validation,FY25Q1-FY26Q4,n/a,calculable,derived,,,,1,,Gate 6 gating check - must pass before figures are quoted
