field_id,fiscal_period,value,units,source_id,source_filename,page_note_table_or_section,classification,gaap_or_non_gaap,calculation_formula,source_precision,extraction_status,reviewer_status,notes
REV_011,FY2026_Q1,7186,USD_m,SRC-006,ORCL_FY2026_Q1_10-Q_2025-08-31.pdf,"Condensed consolidated statements of operations, PDF p.7 (filing p.4)",reported,GAAP,,exact_millions,extracted,self_checked,"New FY26 filed caption 'Cloud'; prior-year comparative recast to 5,623. Validated vs SRC-013 statement (identical)."
REV_021,FY2026_Q1,5721,USD_m,SRC-006,ORCL_FY2026_Q1_10-Q_2025-08-31.pdf,"Condensed consolidated statements of operations, PDF p.7 (filing p.4)",reported,GAAP,,exact_millions,extracted,self_checked,"New FY26 filed caption 'Software'; prior-year recast 5,766 = old CS&LS support component + license."
REV_030,FY2026_Q1,670,USD_m,SRC-006,ORCL_FY2026_Q1_10-Q_2025-08-31.pdf,"Condensed consolidated statements of operations, PDF p.7 (filing p.4)",reported,GAAP,,exact_millions,extracted,self_checked,
REV_040,FY2026_Q1,1349,USD_m,SRC-006,ORCL_FY2026_Q1_10-Q_2025-08-31.pdf,"Condensed consolidated statements of operations, PDF p.7 (filing p.4)",reported,GAAP,,exact_millions,extracted,self_checked,
REV_050,FY2026_Q1,14926,USD_m,SRC-006,ORCL_FY2026_Q1_10-Q_2025-08-31.pdf,"Condensed consolidated statements of operations, PDF p.7 (filing p.4)",reported,GAAP,,exact_millions,extracted,self_checked,
REV_060,FY2026_Q1,0.12,pct,SRC-013,ORCL_FY2026_Q1_Earnings_Release_2025-09-09.pdf,"Q1 FY2026 earnings release headline bullets, PDF p.1",reported,GAAP,,whole_percent,extracted,self_checked,Total revenue +12% USD per release; CC +11% (REV_070).
REV_070,FY2026_Q1,0.11,pct,SRC-013,ORCL_FY2026_Q1_Earnings_Release_2025-09-09.pdf,"Q1 FY2026 earnings release headline bullets, PDF p.1",reported,GAAP,,whole_percent,extracted,self_checked,"Constant currency, Oracle-computed (May 31 2025 rates)."
REV_110,FY2026_Q1,7186,USD_m,SRC-013,ORCL_FY2026_Q1_Earnings_Release_2025-09-09.pdf,"Supplemental analysis of GAAP revenues, PDF p.9-10",supplemental,GAAP,,exact_millions,extracted,self_checked,Under FY26 presentation total cloud (IaaS+SaaS) = filed 'Cloud' caption (REV_011); identity documented.
REV_115,FY2026_Q1,0.28,pct,SRC-013,ORCL_FY2026_Q1_Earnings_Release_2025-09-09.pdf,"Q1 FY2026 earnings release headline bullets, PDF p.1",supplemental,GAAP,,whole_percent,extracted,self_checked,+28% USD / +27% CC.
REV_120,FY2026_Q1,3347,USD_m,SRC-006,ORCL_FY2026_Q1_10-Q_2025-08-31.pdf,"Revenue Recognition note - cloud revenues by offerings, PDF p.32",supplemental,GAAP,,exact_millions,extracted,self_checked,"10-Q footnote (rung 2) controls; release supplemental table shows identical 3,347. Headline '$3.3B +55%'."
REV_125,FY2026_Q1,0.55,pct,SRC-013,ORCL_FY2026_Q1_Earnings_Release_2025-09-09.pdf,"Q1 FY2026 earnings release headline bullets, PDF p.1",supplemental,GAAP,,whole_percent,extracted,self_checked,+55% USD / +54% CC.
REV_130,FY2026_Q1,3839,USD_m,SRC-006,ORCL_FY2026_Q1_10-Q_2025-08-31.pdf,"Revenue Recognition note - cloud revenues by offerings, PDF p.32",supplemental,GAAP,,exact_millions,extracted,self_checked,"Release supplemental identical 3,839. Headline '$3.8B +11%'."
REV_135,FY2026_Q1,0.11,pct,SRC-013,ORCL_FY2026_Q1_Earnings_Release_2025-09-09.pdf,"Q1 FY2026 earnings release headline bullets, PDF p.1",supplemental,GAAP,,whole_percent,extracted,self_checked,+11% USD / +10% CC.
REV_145,FY2026_Q1,4955,USD_m,SRC-006,ORCL_FY2026_Q1_10-Q_2025-08-31.pdf,"Revenue Recognition note - software revenues by offerings, PDF p.30",supplemental,GAAP,,exact_millions,extracted,self_checked,FY26 caption 'Software support' (by-offerings footnote); series continuous with pre-FY26 license-support MD&A split per D-013 bridge.
REV_147,FY2026_Q1,766,USD_m,SRC-006,ORCL_FY2026_Q1_10-Q_2025-08-31.pdf,"Revenue Recognition note - software revenues by offerings, PDF p.30",supplemental,GAAP,,exact_millions,extracted,self_checked,NEW FIELD (D-013): 'Software license' per by-offerings footnote; series continuous with pre-FY26 REV_020 caption (FY25Q1 comparative 870 ties).
REV_310,FY2026_Q1,3347,USD_m,SRC-006,ORCL_FY2026_Q1_10-Q_2025-08-31.pdf,"Revenue Recognition note - cloud revenues by offerings, PDF p.32",calculated,GAAP,"= REV_120 (bridge, disclosed IaaS dollars)",exact_millions,extracted,self_checked,
REV_320,FY2026_Q1,3839,USD_m,SRC-006,ORCL_FY2026_Q1_10-Q_2025-08-31.pdf,"Revenue Recognition note - cloud revenues by offerings, PDF p.32",calculated,GAAP,"= REV_130 (bridge, disclosed SaaS dollars)",exact_millions,extracted,self_checked,
REV_330,FY2026_Q1,4955,USD_m,SRC-006,ORCL_FY2026_Q1_10-Q_2025-08-31.pdf,"Revenue Recognition note - software revenues by offerings, PDF p.30",calculated,GAAP,= REV_145 (FY26 bridge: directly disclosed software support; replaces residual formula per D-013),exact_millions,extracted,self_checked,Better than residual: no rounding inheritance.
REV_340,FY2026_Q1,766,USD_m,SRC-006,ORCL_FY2026_Q1_10-Q_2025-08-31.pdf,"Revenue Recognition note - software revenues by offerings, PDF p.30",calculated,GAAP,= REV_147 (FY26 bridge; pre-FY26: = REV_020),exact_millions,extracted,self_checked,
REV_350,FY2026_Q1,670,USD_m,SRC-006,ORCL_FY2026_Q1_10-Q_2025-08-31.pdf,"Condensed consolidated statements of operations, PDF p.7 (filing p.4)",calculated,GAAP,= REV_030 (identity),exact_millions,extracted,self_checked,
REV_360,FY2026_Q1,1349,USD_m,SRC-006,ORCL_FY2026_Q1_10-Q_2025-08-31.pdf,"Condensed consolidated statements of operations, PDF p.7 (filing p.4)",calculated,GAAP,= REV_040 (identity),exact_millions,extracted,self_checked,
REV_370,FY2026_Q1,14926,USD_m,SRC-006,ORCL_FY2026_Q1_10-Q_2025-08-31.pdf,"Condensed consolidated statements of operations, PDF p.7 (filing p.4)",calculated,GAAP,= sum(REV_310..REV_360),exact_millions,extracted,self_checked,"3347+3839+4955+766+670+1349 = 14,926 = REV_050 (CHECK_020 pass)."
COGS_011,FY2026_Q1,3607,USD_m,SRC-006,ORCL_FY2026_Q1_10-Q_2025-08-31.pdf,"Condensed consolidated statements of operations, PDF p.7 (filing p.4)",reported,GAAP,,exact_millions,extracted,self_checked,"NEW FY26 caption 'Cloud and software' expenses; prior-year 2,597 = old CS&LS expense line unchanged (relabel only)."
COGS_020,FY2026_Q1,178,USD_m,SRC-006,ORCL_FY2026_Q1_10-Q_2025-08-31.pdf,"Condensed consolidated statements of operations, PDF p.7 (filing p.4)",reported,GAAP,,exact_millions,extracted,self_checked,
COGS_030,FY2026_Q1,1099,USD_m,SRC-006,ORCL_FY2026_Q1_10-Q_2025-08-31.pdf,"Condensed consolidated statements of operations, PDF p.7 (filing p.4)",reported,GAAP,,exact_millions,extracted,self_checked,
COGS_050,FY2026_Q1,10042,USD_m,SRC-006,ORCL_FY2026_Q1_10-Q_2025-08-31.pdf,"Condensed consolidated statements of operations, PDF p.7 (filing p.4)",calculated,GAAP,= REV_050 - COGS_011 - COGS_020 - COGS_030 (FY26 presentation),exact_millions,extracted,self_checked,Analyst-defined gross profit; COGS_011 substitutes for COGS_010 under FY26 captions (D-013).
COGS_060,FY2026_Q1,0.6728,pct,SRC-006,ORCL_FY2026_Q1_10-Q_2025-08-31.pdf,"Condensed consolidated statements of operations, PDF p.7 (filing p.4)",calculated,GAAP,= COGS_050 / REV_050,exact_millions,extracted,self_checked,
OPEX_010,FY2026_Q1,2063,USD_m,SRC-006,ORCL_FY2026_Q1_10-Q_2025-08-31.pdf,"Condensed consolidated statements of operations, PDF p.7 (filing p.4)",reported,GAAP,,exact_millions,extracted,self_checked,
OPEX_020,FY2026_Q1,2491,USD_m,SRC-006,ORCL_FY2026_Q1_10-Q_2025-08-31.pdf,"Condensed consolidated statements of operations, PDF p.7 (filing p.4)",reported,GAAP,,exact_millions,extracted,self_checked,
OPEX_030,FY2026_Q1,376,USD_m,SRC-006,ORCL_FY2026_Q1_10-Q_2025-08-31.pdf,"Condensed consolidated statements of operations, PDF p.7 (filing p.4)",reported,GAAP,,exact_millions,extracted,self_checked,
OPEX_040,FY2026_Q1,420,USD_m,SRC-006,ORCL_FY2026_Q1_10-Q_2025-08-31.pdf,"Condensed consolidated statements of operations, PDF p.7 (filing p.4)",reported,GAAP,,exact_millions,extracted,self_checked,
OPEX_050,FY2026_Q1,13,USD_m,SRC-006,ORCL_FY2026_Q1_10-Q_2025-08-31.pdf,"Condensed consolidated statements of operations, PDF p.7 (filing p.4)",reported,GAAP,,exact_millions,extracted,self_checked,Still a separate filed line in FY26 10-Qs (merged only in 10-K/Q4-release presentation).
OPEX_060,FY2026_Q1,402,USD_m,SRC-006,ORCL_FY2026_Q1_10-Q_2025-08-31.pdf,"Condensed consolidated statements of operations, PDF p.7 (filing p.4)",reported,GAAP,,exact_millions,extracted,self_checked,2026 Oracle Restructuring Plan; total estimated costs up to $2.1B (per Q3 10-Q note).
OPEX_070,FY2026_Q1,1124,USD_m,SRC-006,ORCL_FY2026_Q1_10-Q_2025-08-31.pdf,"Condensed consolidated statements of cash flows, PDF p.10 (filing p.7)",supplemental,GAAP,,exact_millions,extracted,self_checked,"Q1 YTD = standalone. Cross-checked to release non-GAAP SBC table (1,124)."
OPEX_080,FY2026_Q1,10649,USD_m,SRC-006,ORCL_FY2026_Q1_10-Q_2025-08-31.pdf,"Condensed consolidated statements of operations, PDF p.7 (filing p.4)",calculated,GAAP,= COGS_011+COGS_020+COGS_030+OPEX_010..060,exact_millions,extracted,self_checked,"Equals filed 'Total operating expenses' 10,649 exactly."
PROF_010,FY2026_Q1,4277,USD_m,SRC-006,ORCL_FY2026_Q1_10-Q_2025-08-31.pdf,"Condensed consolidated statements of operations, PDF p.7 (filing p.4)",reported,GAAP,,exact_millions,extracted,self_checked,
PROF_020,FY2026_Q1,0.2866,pct,SRC-006,ORCL_FY2026_Q1_10-Q_2025-08-31.pdf,"Condensed consolidated statements of operations, PDF p.7 (filing p.4)",calculated,GAAP,= PROF_010 / REV_050,exact_millions,extracted,self_checked,Release states 29%.
PROF_030,FY2026_Q1,6236,USD_m,SRC-013,ORCL_FY2026_Q1_Earnings_Release_2025-09-09.pdf,"Reconciliation of selected GAAP to non-GAAP measures, PDF p.4-5",reported,non-GAAP,,exact_millions,extracted,self_checked,"GAAP 4,277 + adj 1,959 (SBC 1,124 + amort 420 + acq 13 + restr 402)."
PROF_040,FY2026_Q1,0.4178,pct,SRC-013,ORCL_FY2026_Q1_Earnings_Release_2025-09-09.pdf,"Reconciliation of selected GAAP to non-GAAP measures, PDF p.4-5",calculated,non-GAAP,= PROF_030 / REV_050,exact_millions,extracted,self_checked,Release states 42%.
PROF_050,FY2026_Q1,923,USD_m,SRC-006,ORCL_FY2026_Q1_10-Q_2025-08-31.pdf,"Condensed consolidated statements of operations, PDF p.7 (filing p.4)",reported,GAAP,,exact_millions,extracted,self_checked,
PROF_060,FY2026_Q1,73,USD_m,SRC-006,ORCL_FY2026_Q1_10-Q_2025-08-31.pdf,"Condensed consolidated statements of operations, PDF p.7 (filing p.4)",reported,GAAP,,exact_millions,extracted,self_checked,"Caption 'Non-operating income, net'."
PROF_065,FY2026_Q1,103,USD_m,SRC-006,ORCL_FY2026_Q1_10-Q_2025-08-31.pdf,"Non-operating income note - interest income, PDF p.15",supplemental,GAAP,,exact_millions,extracted,self_checked,Quarterly interest income IS disclosed in 10-Q non-operating footnote (disclosure-matrix upgrade).
PROF_070,FY2026_Q1,3427,USD_m,SRC-006,ORCL_FY2026_Q1_10-Q_2025-08-31.pdf,"Condensed consolidated statements of operations, PDF p.7 (filing p.4)",reported,GAAP,"identity check: 4,277-923+73 = 3,427",exact_millions,extracted,self_checked,
PROF_080,FY2026_Q1,500,USD_m,SRC-006,ORCL_FY2026_Q1_10-Q_2025-08-31.pdf,"Condensed consolidated statements of operations, PDF p.7 (filing p.4)",reported,GAAP,,exact_millions,extracted,self_checked,Includes $958M net tax expense from OBBBA (release Appendix A).
PROF_090,FY2026_Q1,0.1459,pct,SRC-006,ORCL_FY2026_Q1_10-Q_2025-08-31.pdf,"Condensed consolidated statements of operations, PDF p.7 (filing p.4)",calculated,GAAP,= PROF_080 / PROF_070,exact_millions,extracted,self_checked,Release states GAAP ETR 14.6%. Distorted by OBBBA discrete item.
PROF_100,FY2026_Q1,2927,USD_m,SRC-006,ORCL_FY2026_Q1_10-Q_2025-08-31.pdf,"Condensed consolidated statements of operations, PDF p.7 (filing p.4)",reported,GAAP,,exact_millions,extracted,self_checked,No preferred outstanding in Q1; NI = NI available to common.
PROF_110,FY2026_Q1,4283,USD_m,SRC-013,ORCL_FY2026_Q1_Earnings_Release_2025-09-09.pdf,"Reconciliation of selected GAAP to non-GAAP measures, PDF p.4-5",reported,non-GAAP,,exact_millions,extracted,self_checked,
PROF_120,FY2026_Q1,1.01,USD_per_share,SRC-006,ORCL_FY2026_Q1_10-Q_2025-08-31.pdf,"Condensed consolidated statements of operations, PDF p.7 (filing p.4)",reported,GAAP,,usd_cents,extracted,self_checked,Basic EPS 1.04 (no dedicated field; recorded here).
PROF_130,FY2026_Q1,1.47,USD_per_share,SRC-013,ORCL_FY2026_Q1_Earnings_Release_2025-09-09.pdf,"Reconciliation of selected GAAP to non-GAAP measures, PDF p.4-5",reported,non-GAAP,,usd_cents,extracted,self_checked,
PROF_140,FY2026_Q1,1351,USD_m,SRC-006,ORCL_FY2026_Q1_10-Q_2025-08-31.pdf,"Condensed consolidated statements of cash flows, PDF p.10 (filing p.7)",supplemental,GAAP,,exact_millions,extracted,self_checked,Q1 YTD = standalone. CF-statement PP&E depreciation line (includes finance-lease ROU amortization within PP&E per 10-K Note 4).
PROF_150,FY2026_Q1,1771,USD_m,SRC-006,ORCL_FY2026_Q1_10-Q_2025-08-31.pdf,"Condensed consolidated statements of cash flows, PDF p.10 (filing p.7)",calculated,GAAP,"= PROF_140 + CF amortization of intangibles (1,351+420)",exact_millions,extracted,self_checked,
PROF_160,FY2026_Q1,6048,USD_m,SRC-006,ORCL_FY2026_Q1_10-Q_2025-08-31.pdf,"Condensed consolidated statements of operations, PDF p.7 (filing p.4)",calculated,GAAP,"= PROF_010 + PROF_140 + OPEX_040 (D-014 primary definition, provisional pending user sign-off)",exact_millions,extracted,self_checked,"4,277+1,351+420. See EBITDA_DEFINITION_MEMO.md."
CF_010,FY2026_Q1,8140,USD_m,SRC-006,ORCL_FY2026_Q1_10-Q_2025-08-31.pdf,"Condensed consolidated statements of cash flows, PDF p.10 (filing p.7)",reported,GAAP,,exact_millions,extracted,self_checked,YTD as filed (Q1 YTD = quarter).
CF_015,FY2026_Q1,8140,USD_m,SRC-006,ORCL_FY2026_Q1_10-Q_2025-08-31.pdf,"Condensed consolidated statements of cash flows, PDF p.10 (filing p.7)",calculated,GAAP,Q1 standalone = YTD Q1,exact_millions,extracted,self_checked,
CF_020,FY2026_Q1,8502,USD_m,SRC-006,ORCL_FY2026_Q1_10-Q_2025-08-31.pdf,"Condensed consolidated statements of cash flows, PDF p.10 (filing p.7)",reported,GAAP,,exact_millions,extracted,self_checked,"Unpaid (accrued) capex additionally disclosed: $4,010M non-cash."
CF_025,FY2026_Q1,8502,USD_m,SRC-006,ORCL_FY2026_Q1_10-Q_2025-08-31.pdf,"Condensed consolidated statements of cash flows, PDF p.10 (filing p.7)",calculated,GAAP,Q1 standalone = YTD Q1,exact_millions,extracted,self_checked,
CF_030,FY2026_Q1,-362,USD_m,SRC-006,ORCL_FY2026_Q1_10-Q_2025-08-31.pdf,"Condensed consolidated statements of cash flows, PDF p.10 (filing p.7)",calculated,GAAP,= CF_015 - CF_025 (project FCF definition),exact_millions,extracted,self_checked,
CF_035,FY2026_Q1,-5880,USD_m,SRC-013,ORCL_FY2026_Q1_Earnings_Release_2025-09-09.pdf,"Free cash flow trailing 4-quarters table, PDF p.8",supplemental,non-GAAP,,exact_millions,extracted,self_checked,Oracle trailing-4-quarter FCF as presented; validation-only series.
CF_050,FY2026_Q1,0,USD_m,SRC-006,ORCL_FY2026_Q1_10-Q_2025-08-31.pdf,"Condensed consolidated statements of cash flows, PDF p.10 (filing p.7)",reported,GAAP,,exact_millions,extracted,self_checked,No borrowing-issuance proceeds lines in Q1 (term loan line '-'); commercial paper net REPAYMENT of 238 tracked in CF_060 notes.
CF_060,FY2026_Q1,1052,USD_m,SRC-006,ORCL_FY2026_Q1_10-Q_2025-08-31.pdf,"Condensed consolidated statements of cash flows, PDF p.10 (filing p.7)",reported,GAAP,,exact_millions,extracted,self_checked,"'Repayments of senior notes and other borrowings' line. Additionally 'Repayments of commercial paper, net' 238 (net line, kept separate; combined repayment activity 1,290)."
CF_070,FY2026_Q1,1170,USD_m,SRC-006,ORCL_FY2026_Q1_10-Q_2025-08-31.pdf,"Condensed consolidated statements of cash flows, PDF p.10 (filing p.7)",reported,GAAP,,exact_millions,extracted,self_checked,'Proceeds from issuances of common stock' (ESPP/options). No preferred or ATM issuance in Q1.
CF_080,FY2026_Q1,1413,USD_m,SRC-006,ORCL_FY2026_Q1_10-Q_2025-08-31.pdf,"Condensed consolidated statements of cash flows, PDF p.10 (filing p.7)",reported,GAAP,,exact_millions,extracted,self_checked,Common dividends $0.50/sh declared for next quarter.
CF_090,FY2026_Q1,95,USD_m,SRC-006,ORCL_FY2026_Q1_10-Q_2025-08-31.pdf,"Condensed consolidated statements of cash flows, PDF p.10 (filing p.7)",reported,GAAP,,exact_millions,extracted,self_checked,'Payments for repurchases of common stock'; excludes 17 of shares repurchased for tax withholdings (separate line).
CF_110,FY2026_Q1,-341,USD_m,SRC-006,ORCL_FY2026_Q1_10-Q_2025-08-31.pdf,"Condensed consolidated balance sheets, PDF p.5 (filing p.3)",calculated,GAAP,"= BS_010(Aug 31) - BS_010(May 31) = 10,445 - 10,786",exact_millions,extracted,self_checked,CF statement net decrease in cash also -341 (CHECK_100 pass).
BS_010,FY2026_Q1,10445,USD_m,SRC-006,ORCL_FY2026_Q1_10-Q_2025-08-31.pdf,"Condensed consolidated balance sheets, PDF p.5 (filing p.3)",reported,GAAP,,exact_millions,extracted,self_checked,
BS_020,FY2026_Q1,560,USD_m,SRC-006,ORCL_FY2026_Q1_10-Q_2025-08-31.pdf,"Condensed consolidated balance sheets, PDF p.5 (filing p.3)",reported,GAAP,,exact_millions,extracted,self_checked,
BS_030,FY2026_Q1,11005,USD_m,SRC-006,ORCL_FY2026_Q1_10-Q_2025-08-31.pdf,"Condensed consolidated balance sheets, PDF p.5 (filing p.3)",calculated,GAAP,= BS_010 + BS_020,exact_millions,extracted,self_checked,
BS_040,FY2026_Q1,53194,USD_m,SRC-006,ORCL_FY2026_Q1_10-Q_2025-08-31.pdf,"Condensed consolidated balance sheets, PDF p.5 (filing p.3)",reported,GAAP,,exact_millions,extracted,self_checked,
BS_060,FY2026_Q1,15979,USD_m,SRC-006,ORCL_FY2026_Q1_10-Q_2025-08-31.pdf,"Leases note - supplemental balance sheet information, PDF p.21",supplemental,GAAP,,exact_millions,extracted,self_checked,Not on Q1 balance-sheet face (within other non-current assets); from lease-note supplemental table.
BS_070,FY2026_Q1,12098,USD_m,SRC-006,ORCL_FY2026_Q1_10-Q_2025-08-31.pdf,"Condensed consolidated balance sheets, PDF p.5 (filing p.3)",reported,GAAP,,exact_millions,extracted,self_checked,CURRENT deferred revenues only; non-current portion not separately disclosed in Q1 10-Q (within other non-current liabilities). Definition sliver flagged in log.
BS_080,FY2026_Q1,8843,USD_m,SRC-006,ORCL_FY2026_Q1_10-Q_2025-08-31.pdf,"Condensed consolidated balance sheets, PDF p.5 (filing p.3)",reported,GAAP,,exact_millions,extracted,self_checked,Net of $526M credit-loss allowance.
BS_090,FY2026_Q1,180449,USD_m,SRC-006,ORCL_FY2026_Q1_10-Q_2025-08-31.pdf,"Condensed consolidated balance sheets, PDF p.5 (filing p.3)",reported,GAAP,,exact_millions,extracted,self_checked,
BS_100,FY2026_Q1,24666,USD_m,SRC-006,ORCL_FY2026_Q1_10-Q_2025-08-31.pdf,"Condensed consolidated balance sheets, PDF p.5 (filing p.3)",reported,GAAP,,exact_millions,extracted,self_checked,"Total incl. noncontrolling interests 512; Oracle-only stockholders' equity 24,154."
DEBT_010,FY2026_Q1,9079,USD_m,SRC-006,ORCL_FY2026_Q1_10-Q_2025-08-31.pdf,"Condensed consolidated balance sheets, PDF p.5 (filing p.3)",reported,GAAP,,exact_millions,extracted,self_checked,
DEBT_020,FY2026_Q1,82236,USD_m,SRC-006,ORCL_FY2026_Q1_10-Q_2025-08-31.pdf,"Condensed consolidated balance sheets, PDF p.5 (filing p.3)",reported,GAAP,,exact_millions,extracted,self_checked,
DEBT_030,FY2026_Q1,91315,USD_m,SRC-006,ORCL_FY2026_Q1_10-Q_2025-08-31.pdf,"Condensed consolidated balance sheets, PDF p.5 (filing p.3)",calculated,GAAP,= DEBT_010 + DEBT_020,exact_millions,extracted,self_checked,Borrowings only; excludes leases and (not-yet-issued) preferred per C-01 resolution definition.
DEBT_040,FY2026_Q1,80310,USD_m,SRC-006,ORCL_FY2026_Q1_10-Q_2025-08-31.pdf,"Condensed consolidated balance sheets, PDF p.5 (filing p.3)",calculated,GAAP,= DEBT_030 - BS_030,exact_millions,extracted,self_checked,
DEBT_050,FY2026_Q1,2196,USD_m,SRC-006,ORCL_FY2026_Q1_10-Q_2025-08-31.pdf,"Leases note - supplemental balance sheet information, PDF p.21",supplemental,GAAP,,exact_millions,extracted,self_checked,
DEBT_060,FY2026_Q1,14094,USD_m,SRC-006,ORCL_FY2026_Q1_10-Q_2025-08-31.pdf,"Leases note - supplemental balance sheet information, PDF p.21",reported,GAAP,,exact_millions,extracted,self_checked,Also on balance-sheet face.
DEBT_070,FY2026_Q1,99800,USD_m,SRC-006,ORCL_FY2026_Q1_10-Q_2025-08-31.pdf,"Leases note - supplemental balance sheet information, PDF p.21",supplemental,GAAP,,billions_1dp,extracted,self_checked,"Stated '$99.8 billion' as of Aug 31 2025; expected commencement Q2 FY26-FY28, 10-16 yr terms; NOT on balance sheet. Subsequent additional $6.6B (fiscal 2027-2028 commencement). Field was tagged annual-only in the disclosure matrix - 10-Qs DO disclose it (matrix correction recommended)."
DEBT_100,FY2026_Q1,0,USD_m,SRC-006,ORCL_FY2026_Q1_10-Q_2025-08-31.pdf,"Condensed consolidated balance sheets, PDF p.5 (filing p.3)",reported,GAAP,,exact_millions,extracted,self_checked,"Balance sheet: preferred authorized 1.0 shares, outstanding none at Aug 31 2025 (Series D issued Feb 5 2026)."
DEBT_110,FY2026_Q1,0,USD_m,SRC-006,ORCL_FY2026_Q1_10-Q_2025-08-31.pdf,"Condensed consolidated statements of operations, PDF p.7 (filing p.4)",reported,GAAP,,exact_millions,extracted,self_checked,No preferred outstanding; no preferred-dividend line in Q1 statement.
SHARE_010,FY2026_Q1,2826,shares_m,SRC-006,ORCL_FY2026_Q1_10-Q_2025-08-31.pdf,"Condensed consolidated statements of operations, PDF p.7 (filing p.4)",reported,GAAP,,exact_millions,extracted,self_checked,
SHARE_020,FY2026_Q1,2909,shares_m,SRC-006,ORCL_FY2026_Q1_10-Q_2025-08-31.pdf,"Condensed consolidated statements of operations, PDF p.7 (filing p.4)",reported,GAAP,,exact_millions,extracted,self_checked,
SHARE_030,FY2026_Q1,83,shares_m,SRC-006,ORCL_FY2026_Q1_10-Q_2025-08-31.pdf,"Condensed consolidated statements of operations, PDF p.7 (filing p.4)",calculated,GAAP,= SHARE_020 - SHARE_010,exact_millions,extracted,self_checked,
SHARE_040,FY2026_Q1,2841,shares_m,SRC-006,ORCL_FY2026_Q1_10-Q_2025-08-31.pdf,"Condensed consolidated balance sheets, PDF p.5 (filing p.3)",reported,GAAP,,exact_millions,extracted,self_checked,Common shares outstanding per balance-sheet caption as of Aug 31 2025.
SHARE_070,FY2026_Q1,95,USD_m,SRC-006,ORCL_FY2026_Q1_10-Q_2025-08-31.pdf,"Condensed consolidated statements of cash flows, PDF p.10 (filing p.7)",reported,GAAP,,exact_millions,extracted,self_checked,$ repurchases only; share count not disclosed in Q1 CF (equity footnote not extracted in pilot).
KPI_010,FY2026_Q1,0.17,pct,SRC-013,ORCL_FY2026_Q1_Earnings_Release_2025-09-09.pdf,"Q1 FY2026 earnings release headline bullets, PDF p.1",supplemental,non-GAAP,,whole_percent,extracted,self_checked,"Fusion Cloud ERP (SaaS) revenue $1.0B, +17% USD / +16% CC. Dollar level disclosed at headline (billions) precision."
KPI_020,FY2026_Q1,0.16,pct,SRC-013,ORCL_FY2026_Q1_Earnings_Release_2025-09-09.pdf,"Q1 FY2026 earnings release headline bullets, PDF p.1",supplemental,non-GAAP,,whole_percent,extracted,self_checked,"NetSuite Cloud ERP (SaaS) $1.0B, +16% USD / +15% CC."
RPO_010,FY2026_Q1,455.3,USD_b,SRC-006,ORCL_FY2026_Q1_10-Q_2025-08-31.pdf,"Note 8 Revenue Recognition - remaining performance obligations, PDF p.11",reported,GAAP,,billions_1dp,extracted,self_checked,"Footnote 455.3; release headline 455 (+359% USD and CC). MultiCloud database revenue +1,529% (release commentary)."
RPO_020,FY2026_Q1,0.1,pct,SRC-006,ORCL_FY2026_Q1_10-Q_2025-08-31.pdf,"Note 8 Revenue Recognition - remaining performance obligations, PDF p.11",reported,GAAP,,whole_percent,extracted,self_checked,'approximately 10%'.
RPO_030,FY2026_Q1,45.5,USD_b,SRC-006,ORCL_FY2026_Q1_10-Q_2025-08-31.pdf,"Note 8 Revenue Recognition - remaining performance obligations, PDF p.11",calculated,GAAP,= RPO_010 x RPO_020 = 455.3 x 0.10,billions_1dp,extracted,self_checked,Calculated from rounded %.
RPO_040,FY2026_Q1,3.59,pct,SRC-013,ORCL_FY2026_Q1_Earnings_Release_2025-09-09.pdf,"Q1 FY2026 earnings release headline bullets, PDF p.1",reported,GAAP,,whole_percent,extracted,self_checked,Release-stated +359%; independent recomputation deferred to 5B (FY25 Q1 RPO outside pilot scope).
RPO_050,FY2026_Q1,10%/25%/34%/rem,buckets,SRC-006,ORCL_FY2026_Q1_10-Q_2025-08-31.pdf,"Note 8 Revenue Recognition - remaining performance obligations, PDF p.11",reported,GAAP,,whole_percent,extracted,self_checked,0-12m ~10%; 13-36m 25%; 37-60m 34%; remainder thereafter. Field was tagged annual-only - Q1 10-Q discloses buckets (matrix correction recommended).
RPO_060,FY2026_Q1,332.2,USD_b,SRC-006,ORCL_FY2026_Q1_10-Q_2025-08-31.pdf,"Note 8 Revenue Recognition - remaining performance obligations, PDF p.11",calculated,GAAP,= RPO_010(Q1) - RPO_010(FY25Q4) + REV_050(Q1)/1000 = 455.3 - 138 + 14.9,billions_1dp,extracted,self_checked,FY25 Q4 RPO 138 taken from SRC-024 comparative disclosure (in pilot scope as FY26 anchor). Approximation only.
REV_011,FY2026_Q4,9913,USD_m,SRC-016,ORCL_FY2026_Q4_Earnings_Release_2026-06-10.pdf,"Q4 condensed consolidated statements of operations, PDF p.5",reported,GAAP,,exact_millions,extracted,self_checked,"Directly disclosed standalone Q4. Validation: FY 33,989 - 9M 24,076 = 9,913 (diff 0)."
REV_021,FY2026_Q4,6824,USD_m,SRC-016,ORCL_FY2026_Q4_Earnings_Release_2026-06-10.pdf,"Q4 condensed consolidated statements of operations, PDF p.5",reported,GAAP,,exact_millions,extracted,self_checked,"Validation: 24,541 - 17,717 = 6,824 (diff 0)."
REV_030,FY2026_Q4,924,USD_m,SRC-016,ORCL_FY2026_Q4_Earnings_Release_2026-06-10.pdf,"Q4 condensed consolidated statements of operations, PDF p.5",reported,GAAP,,exact_millions,extracted,self_checked,"Validation: 3,084 - 2,160 = 924 (diff 0)."
REV_040,FY2026_Q4,1523,USD_m,SRC-016,ORCL_FY2026_Q4_Earnings_Release_2026-06-10.pdf,"Q4 condensed consolidated statements of operations, PDF p.5",reported,GAAP,,exact_millions,extracted,self_checked,"Validation: 5,743 - 4,220 = 1,523 (diff 0)."
REV_050,FY2026_Q4,19184,USD_m,SRC-016,ORCL_FY2026_Q4_Earnings_Release_2026-06-10.pdf,"Q4 condensed consolidated statements of operations, PDF p.5",reported,GAAP,,exact_millions,extracted,self_checked,"Validation: 67,357 - 48,173 = 19,184 (diff 0)."
REV_060,FY2026_Q4,0.21,pct,SRC-016,ORCL_FY2026_Q4_Earnings_Release_2026-06-10.pdf,"Q4 condensed consolidated statements of operations, PDF p.5",reported,GAAP,,whole_percent,extracted,self_checked,+21% USD / +20% CC.
REV_070,FY2026_Q4,0.2,pct,SRC-016,ORCL_FY2026_Q4_Earnings_Release_2026-06-10.pdf,"Q4 condensed consolidated statements of operations, PDF p.5",reported,GAAP,,whole_percent,extracted,self_checked,
REV_110,FY2026_Q4,9913,USD_m,SRC-016,ORCL_FY2026_Q4_Earnings_Release_2026-06-10.pdf,"Q4 condensed consolidated statements of operations, PDF p.5",supplemental,GAAP,,exact_millions,extracted,self_checked,= filed 'Cloud' caption under FY26 presentation; headline '$9.9B +47%'.
REV_115,FY2026_Q4,0.47,pct,SRC-016,ORCL_FY2026_Q4_Earnings_Release_2026-06-10.pdf,"Q4 FY2026 earnings release headline bullets/body, PDF p.1-2",supplemental,GAAP,,whole_percent,extracted,self_checked,+47% USD / +46% CC.
REV_120,FY2026_Q4,5787,USD_m,SRC-024,ORCL_2026_10-K_FY_Ended_2026-05-31.pdf,"Revenue disaggregation by offerings, PDF p.104 (also MD&A p.55-56 area)",calculated,GAAP,"= FY 18,101 (SRC-024) - 9M 12,314 (SRC-008)",exact_millions,extracted,self_checked,"Validation: release/slides headline '$5.8B +93%' (5.787 rounds to 5.8, pass). Exact Q4 IaaS millions not in captured release PDF (right-edge clipped, SRC-016 capture defect)."
REV_125,FY2026_Q4,0.93,pct,SRC-016,ORCL_FY2026_Q4_Earnings_Release_2026-06-10.pdf,"Q4 FY2026 earnings release headline bullets/body, PDF p.1-2",supplemental,GAAP,,whole_percent,extracted,self_checked,+93% USD / +92% CC.
REV_130,FY2026_Q4,4126,USD_m,SRC-024,ORCL_2026_10-K_FY_Ended_2026-05-31.pdf,"Revenue disaggregation by offerings, PDF p.104 (also MD&A p.55-56 area)",calculated,GAAP,"= FY 15,888 - 9M 11,762",exact_millions,extracted,self_checked,Validation: headline '$4.1B +10%' (pass).
REV_135,FY2026_Q4,0.1,pct,SRC-016,ORCL_FY2026_Q4_Earnings_Release_2026-06-10.pdf,"Q4 FY2026 earnings release headline bullets/body, PDF p.1-2",supplemental,GAAP,,whole_percent,extracted,self_checked,+10% USD / +9% CC.
REV_145,FY2026_Q4,4943,USD_m,SRC-024,ORCL_2026_10-K_FY_Ended_2026-05-31.pdf,"Revenue disaggregation by offerings, PDF p.104 (also MD&A p.55-56 area)",calculated,GAAP,"= FY 19,804 - 9M 14,861",exact_millions,extracted,self_checked,"Software support. Cross-foot: 4,943+1,881 = 6,824 = Q4 Software (pass)."
REV_147,FY2026_Q4,1881,USD_m,SRC-024,ORCL_2026_10-K_FY_Ended_2026-05-31.pdf,"Revenue disaggregation by offerings, PDF p.104 (also MD&A p.55-56 area)",calculated,GAAP,"= FY 4,737 - 9M 2,856",exact_millions,extracted,self_checked,Software license.
REV_310,FY2026_Q4,5787,USD_m,SRC-024,ORCL_2026_10-K_FY_Ended_2026-05-31.pdf,"Revenue disaggregation by offerings, PDF p.104 (also MD&A p.55-56 area)",calculated,GAAP,= REV_120 (bridge),exact_millions,extracted,self_checked,
REV_320,FY2026_Q4,4126,USD_m,SRC-024,ORCL_2026_10-K_FY_Ended_2026-05-31.pdf,"Revenue disaggregation by offerings, PDF p.104 (also MD&A p.55-56 area)",calculated,GAAP,= REV_130 (bridge),exact_millions,extracted,self_checked,
REV_330,FY2026_Q4,4943,USD_m,SRC-024,ORCL_2026_10-K_FY_Ended_2026-05-31.pdf,"Revenue disaggregation by offerings, PDF p.104 (also MD&A p.55-56 area)",calculated,GAAP,= REV_145 (FY26 bridge),exact_millions,extracted,self_checked,
REV_340,FY2026_Q4,1881,USD_m,SRC-024,ORCL_2026_10-K_FY_Ended_2026-05-31.pdf,"Revenue disaggregation by offerings, PDF p.104 (also MD&A p.55-56 area)",calculated,GAAP,= REV_147 (FY26 bridge),exact_millions,extracted,self_checked,
REV_350,FY2026_Q4,924,USD_m,SRC-016,ORCL_FY2026_Q4_Earnings_Release_2026-06-10.pdf,"Q4 condensed consolidated statements of operations, PDF p.5",calculated,GAAP,= REV_030 (identity),exact_millions,extracted,self_checked,
REV_360,FY2026_Q4,1523,USD_m,SRC-016,ORCL_FY2026_Q4_Earnings_Release_2026-06-10.pdf,"Q4 condensed consolidated statements of operations, PDF p.5",calculated,GAAP,= REV_040 (identity),exact_millions,extracted,self_checked,
REV_370,FY2026_Q4,19184,USD_m,SRC-016,ORCL_FY2026_Q4_Earnings_Release_2026-06-10.pdf,"Q4 condensed consolidated statements of operations, PDF p.5",calculated,GAAP,= sum(REV_310..REV_360),exact_millions,extracted,self_checked,"5787+4126+4943+1881+924+1523 = 19,184 = REV_050 (CHECK_020 pass)."
COGS_011,FY2026_Q4,5224,USD_m,SRC-016,ORCL_FY2026_Q4_Earnings_Release_2026-06-10.pdf,"Q4 condensed consolidated statements of operations, PDF p.5",reported,GAAP,,exact_millions,extracted,self_checked,"Validation: 17,597 - 12,373 = 5,224 (diff 0)."
COGS_020,FY2026_Q4,293,USD_m,SRC-016,ORCL_FY2026_Q4_Earnings_Release_2026-06-10.pdf,"Q4 condensed consolidated statements of operations, PDF p.5",reported,GAAP,,exact_millions,extracted,self_checked,"Validation: 868 - 576 = 292 (diff 1, recast rounding; release direct value controls)."
COGS_030,FY2026_Q4,1155,USD_m,SRC-016,ORCL_FY2026_Q4_Earnings_Release_2026-06-10.pdf,"Q4 condensed consolidated statements of operations, PDF p.5",reported,GAAP,,exact_millions,extracted,self_checked,"Validation: 4,556 - 3,401 = 1,155 (diff 0)."
COGS_050,FY2026_Q4,12512,USD_m,SRC-016,ORCL_FY2026_Q4_Earnings_Release_2026-06-10.pdf,"Q4 condensed consolidated statements of operations, PDF p.5",calculated,GAAP,"= 19,184 - 5,224 - 293 - 1,155",exact_millions,extracted,self_checked,
COGS_060,FY2026_Q4,0.6522,pct,SRC-016,ORCL_FY2026_Q4_Earnings_Release_2026-06-10.pdf,"Q4 condensed consolidated statements of operations, PDF p.5",calculated,GAAP,= COGS_050 / REV_050,exact_millions,extracted,self_checked,
OPEX_010,FY2026_Q4,2068,USD_m,SRC-016,ORCL_FY2026_Q4_Earnings_Release_2026-06-10.pdf,"Q4 condensed consolidated statements of operations, PDF p.5",reported,GAAP,,exact_millions,extracted,self_checked,"Validation: 8,331 - 6,263 = 2,068 (diff 0)."
OPEX_020,FY2026_Q4,2613,USD_m,SRC-016,ORCL_FY2026_Q4_Earnings_Release_2026-06-10.pdf,"Q4 condensed consolidated statements of operations, PDF p.5",reported,GAAP,,exact_millions,extracted,self_checked,"Validation: 10,272 - 7,658 = 2,614 (diff 1)."
OPEX_030,FY2026_Q4,444,USD_m,SRC-016,ORCL_FY2026_Q4_Earnings_Release_2026-06-10.pdf,"Q4 condensed consolidated statements of operations, PDF p.5",reported,GAAP,,exact_millions,extracted,self_checked,"Validation: 1,618 - 1,174 = 444 (diff 0)."
OPEX_040,FY2026_Q4,431,USD_m,SRC-016,ORCL_FY2026_Q4_Earnings_Release_2026-06-10.pdf,"Q4 condensed consolidated statements of operations, PDF p.5",reported,GAAP,,exact_millions,extracted,self_checked,"Validation: 1,671 - 1,239 = 432 (diff 1)."
OPEX_065,FY2026_Q4,823,USD_m,SRC-016,ORCL_FY2026_Q4_Earnings_Release_2026-06-10.pdf,"Q4 condensed consolidated statements of operations, PDF p.5",reported,GAAP,,exact_millions,extracted,self_checked,"NEW FIELD (D-013): Q4-release/10-K caption 'Restructuring and other' merges the 10-Q lines 'Acquisition related and other' + 'Restructuring'. Validation: 1,838 - (961+55) = 822 (diff 1)."
OPEX_070,FY2026_Q4,1203,USD_m,SRC-016,ORCL_FY2026_Q4_Earnings_Release_2026-06-10.pdf,"Q4 reconciliation of GAAP to non-GAAP measures, PDF p.6",reported,GAAP,,exact_millions,extracted,self_checked,"Release SBC table. Validation: CF-basis FY 4,811 - 9M 3,608 = 1,203 (diff 0)."
OPEX_080,FY2026_Q4,13051,USD_m,SRC-016,ORCL_FY2026_Q4_Earnings_Release_2026-06-10.pdf,"Q4 condensed consolidated statements of operations, PDF p.5",calculated,GAAP,= COGS_011+020+030 + OPEX_010..040 + OPEX_065,exact_millions,extracted,self_checked,"Equals filed total operating expenses 13,051; FY-9M validation 46,751-33,700 = 13,051 (diff 0)."
PROF_010,FY2026_Q4,6133,USD_m,SRC-016,ORCL_FY2026_Q4_Earnings_Release_2026-06-10.pdf,"Q4 condensed consolidated statements of operations, PDF p.5",reported,GAAP,,exact_millions,extracted,self_checked,"Validation: 20,606 - 14,473 = 6,133 (diff 0)."
PROF_020,FY2026_Q4,0.3197,pct,SRC-016,ORCL_FY2026_Q4_Earnings_Release_2026-06-10.pdf,"Q4 condensed consolidated statements of operations, PDF p.5",calculated,GAAP,= PROF_010 / REV_050,exact_millions,extracted,self_checked,Release states 32%.
PROF_030,FY2026_Q4,8590,USD_m,SRC-016,ORCL_FY2026_Q4_Earnings_Release_2026-06-10.pdf,"Q4 reconciliation of GAAP to non-GAAP measures, PDF p.6",reported,non-GAAP,,exact_millions,extracted,self_checked,"GAAP 6,133 + adj 2,457 (SBC 1,203 + amort 431 + restructuring and other 823)."
PROF_040,FY2026_Q4,0.4478,pct,SRC-016,ORCL_FY2026_Q4_Earnings_Release_2026-06-10.pdf,"Q4 reconciliation of GAAP to non-GAAP measures, PDF p.6",calculated,non-GAAP,= PROF_030 / REV_050,exact_millions,extracted,self_checked,Release states 45%.
PROF_050,FY2026_Q4,1438,USD_m,SRC-016,ORCL_FY2026_Q4_Earnings_Release_2026-06-10.pdf,"Q4 condensed consolidated statements of operations, PDF p.5",reported,GAAP,,exact_millions,extracted,self_checked,"Validation: 4,599 - 3,160 = 1,439 (diff 1)."
PROF_060,FY2026_Q4,675,USD_m,SRC-016,ORCL_FY2026_Q4_Earnings_Release_2026-06-10.pdf,"Q4 condensed consolidated statements of operations, PDF p.5",reported,GAAP,,exact_millions,extracted,self_checked,"Validation: 3,547 - 2,872 = 675 (diff 0). FY total includes large investment gains (Ampere etc.)."
PROF_065,FY2026_Q4,289,USD_m,SRC-024,ORCL_2026_10-K_FY_Ended_2026-05-31.pdf,"Non-operating income note, PDF p.81",calculated,GAAP,= FY 780 (SRC-024) - 9M 491 (SRC-008),exact_millions,extracted,self_checked,Quarterly interest income disclosed in 10-Q footnotes; annual in 10-K.
PROF_070,FY2026_Q4,5370,USD_m,SRC-016,ORCL_FY2026_Q4_Earnings_Release_2026-06-10.pdf,"Q4 condensed consolidated statements of operations, PDF p.5",reported,GAAP,,exact_millions,extracted,self_checked,"Validation: 19,554 - 14,185 = 5,369 (diff 1)."
PROF_080,FY2026_Q4,1066,USD_m,SRC-016,ORCL_FY2026_Q4_Earnings_Release_2026-06-10.pdf,"Q4 condensed consolidated statements of operations, PDF p.5",reported,GAAP,,exact_millions,extracted,self_checked,"Validation: 2,467 - 1,402 = 1,065 (diff 1). GAAP ETR 19.8% per release."
PROF_090,FY2026_Q4,0.1985,pct,SRC-016,ORCL_FY2026_Q4_Earnings_Release_2026-06-10.pdf,"Q4 condensed consolidated statements of operations, PDF p.5",calculated,GAAP,= PROF_080 / PROF_070,exact_millions,extracted,self_checked,
PROF_100,FY2026_Q4,4304,USD_m,SRC-016,ORCL_FY2026_Q4_Earnings_Release_2026-06-10.pdf,"Q4 condensed consolidated statements of operations, PDF p.5",reported,GAAP,,exact_millions,extracted,self_checked,"Validation: 17,087 - 12,783 = 4,304 (diff 0)."
PROF_110,FY2026_Q4,6234,USD_m,SRC-016,ORCL_FY2026_Q4_Earnings_Release_2026-06-10.pdf,"Q4 reconciliation of GAAP to non-GAAP measures, PDF p.6",reported,non-GAAP,,exact_millions,extracted,self_checked,"Non-GAAP net income; non-GAAP NI available to common 6,153 (preferred dividends 81) - EPS uses the latter."
PROF_120,FY2026_Q4,1.45,USD_per_share,SRC-016,ORCL_FY2026_Q4_Earnings_Release_2026-06-10.pdf,"Q4 condensed consolidated statements of operations, PDF p.5",reported,GAAP,,usd_cents,extracted,self_checked,"EPS attributable to COMMON shareholders (NIAC 4,223). Basic 1.47."
PROF_130,FY2026_Q4,2.11,USD_per_share,SRC-016,ORCL_FY2026_Q4_Earnings_Release_2026-06-10.pdf,"Q4 reconciliation of GAAP to non-GAAP measures, PDF p.6",reported,non-GAAP,,usd_cents,extracted,self_checked,Includes one-time investment gains; ex-gains 2.03 per release footnote 1.
PROF_140,FY2026_Q4,2415,USD_m,SRC-024,ORCL_2026_10-K_FY_Ended_2026-05-31.pdf,"Consolidated statements of cash flows, PDF p.70 (filing p.68)",calculated,GAAP,"= FY 7,623 (SRC-024) - 9M 5,208 (SRC-008)",exact_millions,extracted,self_checked,C-02 resolution series.
PROF_150,FY2026_Q4,2847,USD_m,SRC-024,ORCL_2026_10-K_FY_Ended_2026-05-31.pdf,"Consolidated statements of cash flows, PDF p.70 (filing p.68)",calculated,GAAP,"= PROF_140 + (FY amort 1,671 - 9M amort 1,239)",exact_millions,extracted,self_checked,"2,415 + 432."
PROF_160,FY2026_Q4,8980,USD_m,SRC-016,ORCL_FY2026_Q4_Earnings_Release_2026-06-10.pdf,"Q4 condensed consolidated statements of operations, PDF p.5",calculated,GAAP,"= PROF_010 + PROF_140 + CF-basis amortization (D-014 primary, provisional)",exact_millions,extracted,self_checked,"6,133+2,415+432."
CF_015,FY2026_Q4,14620,USD_m,SRC-024,ORCL_2026_10-K_FY_Ended_2026-05-31.pdf,"Consolidated statements of cash flows, PDF p.70 (filing p.68)",calculated,GAAP,"= FY OCF 31,977 (SRC-024) - 9M 17,357 (SRC-008)",exact_millions,extracted,self_checked,Tagged provisional-free: FY anchor is the filed 10-K (not release).
CF_025,FY2026_Q4,16493,USD_m,SRC-024,ORCL_2026_10-K_FY_Ended_2026-05-31.pdf,"Consolidated statements of cash flows, PDF p.70 (filing p.68)",calculated,GAAP,"= FY capex 55,663 - 9M 39,170",exact_millions,extracted,self_checked,
CF_030,FY2026_Q4,-1873,USD_m,SRC-024,ORCL_2026_10-K_FY_Ended_2026-05-31.pdf,"Consolidated statements of cash flows, PDF p.70 (filing p.68)",calculated,GAAP,= CF_015 - CF_025,exact_millions,extracted,self_checked,
CF_035,FY2026_Q4,-23700,USD_m,SRC-016,ORCL_FY2026_Q4_Earnings_Release_2026-06-10.pdf,"Q4 FY2026 earnings release headline bullets/body, PDF p.1-2",supplemental,non-GAAP,,billions_1dp,extracted,self_checked,"Oracle-stated FY26 FCF 'negative $23.7 billion' (TTM at Q4 = FY). Internal recomputation 31,977-55,663 = -23,686. FY26 quarterly columns of the release TTM table are clipped in the PDF capture."
CF_050,FY2026_Q4,1549,USD_m,SRC-024,ORCL_2026_10-K_FY_Ended_2026-05-31.pdf,"Consolidated statements of cash flows, PDF p.70 (filing p.68)",calculated,GAAP,"= FY 46,093 - 9M 44,544 (senior notes/term loans/other borrowings issuance, net of costs)",exact_millions,extracted,self_checked,Commercial paper tracked separately (see notes/derivation file).
CF_060,FY2026_Q4,4749,USD_m,SRC-024,ORCL_2026_10-K_FY_Ended_2026-05-31.pdf,"Consolidated statements of cash flows, PDF p.70 (filing p.68)",calculated,GAAP,"= FY 6,942 - 9M 2,193",exact_millions,extracted,self_checked,
CF_070,FY2026_Q4,132,USD_m,SRC-024,ORCL_2026_10-K_FY_Ended_2026-05-31.pdf,"Consolidated statements of cash flows, PDF p.70 (filing p.68)",calculated,GAAP,"= FY (1,449 common + 4,954 preferred) - 9M (1,317 + 4,954)",exact_millions,extracted,self_checked,All preferred proceeds landed by Q3 (issued Feb 5 2026); Q4 equity issuance = common only.
CF_080,FY2026_Q4,1502,USD_m,SRC-024,ORCL_2026_10-K_FY_Ended_2026-05-31.pdf,"Consolidated statements of cash flows, PDF p.70 (filing p.68)",calculated,GAAP,"= FY 5,787 - 9M 4,285",exact_millions,extracted,self_checked,Includes common and preferred dividends paid.
CF_090,FY2026_Q4,0,USD_m,SRC-024,ORCL_2026_10-K_FY_Ended_2026-05-31.pdf,"Consolidated statements of cash flows, PDF p.70 (filing p.68)",calculated,GAAP,= FY 95 - 9M 95,exact_millions,extracted,self_checked,No Q4 repurchases.
CF_110,FY2026_Q4,-7166,USD_m,SRC-024,ORCL_2026_10-K_FY_Ended_2026-05-31.pdf,"Consolidated balance sheets, PDF p.66 (filing p.64)",calculated,GAAP,"= BS_010(5/31/26) 31,289 - BS_010(2/28/26) 38,455",exact_millions,extracted,self_checked,"CF-side check: FY net increase 20,503 - 9M 27,669 = -7,166 (diff 0)."
BS_010,FY2026_Q4,31289,USD_m,SRC-024,ORCL_2026_10-K_FY_Ended_2026-05-31.pdf,"Consolidated balance sheets, PDF p.66 (filing p.64)",reported,GAAP,,exact_millions,extracted,self_checked,May 31 2026 ending balance (no derivation for stocks).
BS_020,FY2026_Q4,605,USD_m,SRC-024,ORCL_2026_10-K_FY_Ended_2026-05-31.pdf,"Consolidated balance sheets, PDF p.66 (filing p.64)",reported,GAAP,,exact_millions,extracted,self_checked,
BS_030,FY2026_Q4,31894,USD_m,SRC-024,ORCL_2026_10-K_FY_Ended_2026-05-31.pdf,"Consolidated balance sheets, PDF p.66 (filing p.64)",calculated,GAAP,= BS_010 + BS_020,exact_millions,extracted,self_checked,
BS_040,FY2026_Q4,99957,USD_m,SRC-024,ORCL_2026_10-K_FY_Ended_2026-05-31.pdf,"Consolidated balance sheets, PDF p.66 (filing p.64)",reported,GAAP,,exact_millions,extracted,self_checked,"Gross PP&E 122,651 incl. CIP 39,973; accumulated depreciation 22,694 (Note 4)."
BS_060,FY2026_Q4,29690,USD_m,SRC-024,ORCL_2026_10-K_FY_Ended_2026-05-31.pdf,"Consolidated balance sheets, PDF p.66 (filing p.64)",reported,GAAP,,exact_millions,extracted,self_checked,Now presented on the balance-sheet face (FY26 10-K).
BS_070,FY2026_Q4,9916,USD_m,SRC-024,ORCL_2026_10-K_FY_Ended_2026-05-31.pdf,"Consolidated balance sheets, PDF p.66 (filing p.64)",reported,GAAP,,exact_millions,extracted,self_checked,CURRENT deferred revenues only (see Q1 note).
BS_080,FY2026_Q4,10385,USD_m,SRC-024,ORCL_2026_10-K_FY_Ended_2026-05-31.pdf,"Consolidated balance sheets, PDF p.66 (filing p.64)",reported,GAAP,,exact_millions,extracted,self_checked,
BS_090,FY2026_Q4,261759,USD_m,SRC-024,ORCL_2026_10-K_FY_Ended_2026-05-31.pdf,"Consolidated balance sheets, PDF p.66 (filing p.64)",reported,GAAP,,exact_millions,extracted,self_checked,
BS_100,FY2026_Q4,43056,USD_m,SRC-024,ORCL_2026_10-K_FY_Ended_2026-05-31.pdf,"Consolidated balance sheets, PDF p.66 (filing p.64)",reported,GAAP,,exact_millions,extracted,self_checked,"Incl. preferred 4,954 and NCI 548; Oracle-only common equity 42,508-4,954 = 37,554 + preferred."
DEBT_010,FY2026_Q4,7199,USD_m,SRC-024,ORCL_2026_10-K_FY_Ended_2026-05-31.pdf,"Consolidated balance sheets, PDF p.66 (filing p.64)",reported,GAAP,,exact_millions,extracted,self_checked,
DEBT_020,FY2026_Q4,122342,USD_m,SRC-024,ORCL_2026_10-K_FY_Ended_2026-05-31.pdf,"Consolidated balance sheets, PDF p.66 (filing p.64)",reported,GAAP,,exact_millions,extracted,self_checked,
DEBT_030,FY2026_Q4,129541,USD_m,SRC-024,ORCL_2026_10-K_FY_Ended_2026-05-31.pdf,"Consolidated balance sheets, PDF p.66 (filing p.64)",calculated,GAAP,= DEBT_010 + DEBT_020,exact_millions,extracted,self_checked,"C-01 designated resolution value. Equals Note 6 'Total notes payable and other borrowings' carrying amount 129,541 (gross principal 130,105 less discounts/issuance costs 564)."
DEBT_040,FY2026_Q4,97647,USD_m,SRC-024,ORCL_2026_10-K_FY_Ended_2026-05-31.pdf,"Consolidated balance sheets, PDF p.66 (filing p.64)",calculated,GAAP,= DEBT_030 - BS_030,exact_millions,extracted,self_checked,
DEBT_050,FY2026_Q4,3542,USD_m,SRC-024,ORCL_2026_10-K_FY_Ended_2026-05-31.pdf,"Note 9 Leases - supplemental balance sheet information, PDF p.91",supplemental,GAAP,,exact_millions,extracted,self_checked,
DEBT_060,FY2026_Q4,26648,USD_m,SRC-024,ORCL_2026_10-K_FY_Ended_2026-05-31.pdf,"Note 9 Leases - supplemental balance sheet information, PDF p.91",reported,GAAP,,exact_millions,extracted,self_checked,"Also on balance-sheet face. Finance leases additionally: current 620 + non-current 7,081 = 7,701."
DEBT_070,FY2026_Q4,260000,USD_m,SRC-024,ORCL_2026_10-K_FY_Ended_2026-05-31.pdf,"Note 9 Leases - additional (uncommenced) lease commitments, PDF p.92",supplemental,GAAP,,billions_0dp,extracted,self_checked,Stated '$260 billion' as of May 31 2026 (C-06 resolution). See conflict register for full characterization.
DEBT_100,FY2026_Q4,4954,USD_m,SRC-024,ORCL_2026_10-K_FY_Ended_2026-05-31.pdf,"Consolidated balance sheets, PDF p.66 (filing p.64)",reported,GAAP,,exact_millions,extracted,self_checked,"6.50% Series D Mandatory Convertible Preferred (50,000 shares / 100M depositary shares), issued Feb 5 2026, $5.0B net proceeds. Terms in Certificate of Designations (not in repo; Q-11 open)."
DEBT_110,FY2026_Q4,81,USD_m,SRC-016,ORCL_FY2026_Q4_Earnings_Release_2026-06-10.pdf,"Q4 condensed consolidated statements of operations, PDF p.5",reported,GAAP,,exact_millions,extracted,self_checked,"Validation: FY 103 - 9M 22 = 81 (diff 0). Declared quarterly preferred dividend $1,625/share (payable Jul 15 2026)."
SHARE_010,FY2026_Q4,2878,shares_m,SRC-016,ORCL_FY2026_Q4_Earnings_Release_2026-06-10.pdf,"Q4 condensed consolidated statements of operations, PDF p.5",reported,GAAP,,exact_millions,extracted,self_checked,Weighted average for the quarter (distinct from period-end).
SHARE_020,FY2026_Q4,2915,shares_m,SRC-016,ORCL_FY2026_Q4_Earnings_Release_2026-06-10.pdf,"Q4 condensed consolidated statements of operations, PDF p.5",reported,GAAP,,exact_millions,extracted,self_checked,
SHARE_030,FY2026_Q4,37,shares_m,SRC-016,ORCL_FY2026_Q4_Earnings_Release_2026-06-10.pdf,"Q4 condensed consolidated statements of operations, PDF p.5",calculated,GAAP,= SHARE_020 - SHARE_010,exact_millions,extracted,self_checked,
SHARE_040,FY2026_Q4,2880,shares_m,SRC-024,ORCL_2026_10-K_FY_Ended_2026-05-31.pdf,"Consolidated balance sheets, PDF p.66 (filing p.64)",reported,GAAP,,exact_millions,extracted,self_checked,"Common outstanding at May 31 2026 per balance sheet; 10-K cover-page count is as of Jun 12 2026 (different date, not used)."
SHARE_050,FY2026_Q4,0,shares_m,SRC-024,ORCL_2026_10-K_FY_Ended_2026-05-31.pdf,"MD&A/equity - mandatory convertible preferred and ATM Program, PDF p.55",reported,GAAP,,exact_millions,extracted,self_checked,"$20B ATM Program established; 'As of May 31, 2026, we have not sold any shares... under the ATM Program' (SRC-024). Proceeds 0."
SHARE_070,FY2026_Q4,0,USD_m,SRC-024,ORCL_2026_10-K_FY_Ended_2026-05-31.pdf,"Consolidated statements of cash flows, PDF p.70 (filing p.68)",calculated,GAAP,= FY 95 - 9M 95,exact_millions,extracted,self_checked,
KPI_010,FY2026_Q4,0.12,pct,SRC-017,ORCL_FY2026_Q4_Earnings_Slides.pdf,Q4 & FY2026 earnings slides,supplemental,non-GAAP,,whole_percent,extracted,self_checked,Slides p.6: 'Fusion Back-Office $1.5B +12%' - label differs from prior 'Fusion Cloud ERP'; treated as same series with label-drift note.
KPI_020,FY2026_Q4,0.09,pct,SRC-017,ORCL_FY2026_Q4_Earnings_Slides.pdf,Q4 & FY2026 earnings slides,supplemental,non-GAAP,,whole_percent,extracted,self_checked,Slides p.6: NetSuite $1.1B +9%.
KPI_030,FY2026_Q4,97.5% AI infra utilization,text,SRC-017,ORCL_FY2026_Q4_Earnings_Slides.pdf,Q4 & FY2026 earnings slides,supplemental,non-GAAP,,whole_percent,extracted,self_checked,Slides p.8: '97.5% AI Infrastructure Utilization'; '98% of AI datacenter capacity already contracted'; '+1.2GW incremental DC capacity in FY26'; 'close to 1GW next quarter'.
KPI_060,FY2026_Q4,75,USD_b,SRC-016,ORCL_FY2026_Q4_Earnings_Release_2026-06-10.pdf,"Q4 FY2026 earnings release headline bullets/body, PDF p.1-2",supplemental,non-GAAP,,billions_0dp,extracted,self_checked,'Prepaid and customer supplied hardware portions of our large AI contracts now total $75 billion' (release p.2). Upgrades the previously press-sourced claim to primary. Majority of Q4 RPO via BYOH or pre-pay (slides p.8).
RPO_010,FY2026_Q4,638,USD_b,SRC-024,ORCL_2026_10-K_FY_Ended_2026-05-31.pdf,"Note 1 / MD&A - remaining performance obligations, PDF p.74",reported,GAAP,,billions_0dp,extracted,self_checked,10-K: $638B (both MD&A and Note 1); release identical; +$85B sequential from Q3 553.
RPO_020,FY2026_Q4,0.12,pct,SRC-024,ORCL_2026_10-K_FY_Ended_2026-05-31.pdf,"Note 1 / MD&A - remaining performance obligations, PDF p.74",reported,GAAP,,whole_percent,extracted,self_checked,'approximately 12%'.
RPO_030,FY2026_Q4,76.6,USD_b,SRC-024,ORCL_2026_10-K_FY_Ended_2026-05-31.pdf,"Note 1 / MD&A - remaining performance obligations, PDF p.74",calculated,GAAP,= 638 x 0.12,billions_1dp,extracted,self_checked,
RPO_040,FY2026_Q4,3.63,pct,SRC-016,ORCL_FY2026_Q4_Earnings_Release_2026-06-10.pdf,"Q4 FY2026 earnings release headline bullets/body, PDF p.1-2",reported,GAAP,,whole_percent,extracted,self_checked,Release +363% USD (+362% CC); recomputation from 10-K comparative 638/138 - 1 = 362.3% (consistent).
RPO_050,FY2026_Q4,12%/34%/34%/rem,buckets,SRC-024,ORCL_2026_10-K_FY_Ended_2026-05-31.pdf,"Note 1 / MD&A - remaining performance obligations, PDF p.74",reported,GAAP,,whole_percent,extracted,self_checked,0-12m ~12%; 13-36m 34%; 37-60m 34%; remainder thereafter.
RPO_060,FY2026_Q4,104.2,USD_b,SRC-016,ORCL_FY2026_Q4_Earnings_Release_2026-06-10.pdf,"Q4 FY2026 earnings release headline bullets/body, PDF p.1-2",calculated,GAAP,= 638 - 553 + 19.184,billions_1dp,extracted,self_checked,Q3 RPO 553 per Q4 release headline (in-scope source). Approximation only.
REV_011,FY2026_annual,33989,USD_m,SRC-024,ORCL_2026_10-K_FY_Ended_2026-05-31.pdf,"Consolidated statements of operations, PDF p.67 (filing p.65)",reported,GAAP,,exact_millions,extracted,self_checked,
REV_021,FY2026_annual,24541,USD_m,SRC-024,ORCL_2026_10-K_FY_Ended_2026-05-31.pdf,"Consolidated statements of operations, PDF p.67 (filing p.65)",reported,GAAP,,exact_millions,extracted,self_checked,
REV_030,FY2026_annual,3084,USD_m,SRC-024,ORCL_2026_10-K_FY_Ended_2026-05-31.pdf,"Consolidated statements of operations, PDF p.67 (filing p.65)",reported,GAAP,,exact_millions,extracted,self_checked,
REV_040,FY2026_annual,5743,USD_m,SRC-024,ORCL_2026_10-K_FY_Ended_2026-05-31.pdf,"Consolidated statements of operations, PDF p.67 (filing p.65)",reported,GAAP,,exact_millions,extracted,self_checked,
REV_050,FY2026_annual,67357,USD_m,SRC-024,ORCL_2026_10-K_FY_Ended_2026-05-31.pdf,"Consolidated statements of operations, PDF p.67 (filing p.65)",reported,GAAP,,exact_millions,extracted,self_checked,
REV_060,FY2026_annual,0.17,pct,SRC-016,ORCL_FY2026_Q4_Earnings_Release_2026-06-10.pdf,"Q4 FY2026 earnings release headline bullets/body, PDF p.1-2",reported,GAAP,,whole_percent,extracted,self_checked,+17% USD / +16% CC.
REV_070,FY2026_annual,0.16,pct,SRC-016,ORCL_FY2026_Q4_Earnings_Release_2026-06-10.pdf,"Q4 FY2026 earnings release headline bullets/body, PDF p.1-2",reported,GAAP,,whole_percent,extracted,self_checked,
REV_110,FY2026_annual,33989,USD_m,SRC-024,ORCL_2026_10-K_FY_Ended_2026-05-31.pdf,"Consolidated statements of operations, PDF p.67 (filing p.65)",supplemental,GAAP,,exact_millions,extracted,self_checked,= filed Cloud caption.
REV_115,FY2026_annual,0.39,pct,SRC-016,ORCL_FY2026_Q4_Earnings_Release_2026-06-10.pdf,"Q4 FY2026 earnings release headline bullets/body, PDF p.1-2",supplemental,GAAP,,whole_percent,extracted,self_checked,+39% USD / +37% CC.
REV_120,FY2026_annual,18101,USD_m,SRC-024,ORCL_2026_10-K_FY_Ended_2026-05-31.pdf,"Revenue disaggregation by offerings, PDF p.104 (also MD&A p.55-56 area)",supplemental,GAAP,,exact_millions,extracted,self_checked,Cloud infrastructure FY26; +77% USD / +75% CC.
REV_125,FY2026_annual,0.77,pct,SRC-016,ORCL_FY2026_Q4_Earnings_Release_2026-06-10.pdf,"Q4 FY2026 earnings release headline bullets/body, PDF p.1-2",supplemental,GAAP,,whole_percent,extracted,self_checked,
REV_130,FY2026_annual,15888,USD_m,SRC-024,ORCL_2026_10-K_FY_Ended_2026-05-31.pdf,"Revenue disaggregation by offerings, PDF p.104 (also MD&A p.55-56 area)",supplemental,GAAP,,exact_millions,extracted,self_checked,Cloud applications FY26; +11% USD / +10% CC.
REV_135,FY2026_annual,0.11,pct,SRC-016,ORCL_FY2026_Q4_Earnings_Release_2026-06-10.pdf,"Q4 FY2026 earnings release headline bullets/body, PDF p.1-2",supplemental,GAAP,,whole_percent,extracted,self_checked,
REV_145,FY2026_annual,19804,USD_m,SRC-024,ORCL_2026_10-K_FY_Ended_2026-05-31.pdf,"Revenue disaggregation by offerings, PDF p.104 (also MD&A p.55-56 area)",supplemental,GAAP,,exact_millions,extracted,self_checked,Software support FY26.
REV_147,FY2026_annual,4737,USD_m,SRC-024,ORCL_2026_10-K_FY_Ended_2026-05-31.pdf,"Revenue disaggregation by offerings, PDF p.104 (also MD&A p.55-56 area)",supplemental,GAAP,,exact_millions,extracted,self_checked,Software license FY26.
COGS_011,FY2026_annual,17597,USD_m,SRC-024,ORCL_2026_10-K_FY_Ended_2026-05-31.pdf,"Consolidated statements of operations, PDF p.67 (filing p.65)",reported,GAAP,,exact_millions,extracted,self_checked,
COGS_020,FY2026_annual,868,USD_m,SRC-024,ORCL_2026_10-K_FY_Ended_2026-05-31.pdf,"Consolidated statements of operations, PDF p.67 (filing p.65)",reported,GAAP,,exact_millions,extracted,self_checked,
COGS_030,FY2026_annual,4556,USD_m,SRC-024,ORCL_2026_10-K_FY_Ended_2026-05-31.pdf,"Consolidated statements of operations, PDF p.67 (filing p.65)",reported,GAAP,,exact_millions,extracted,self_checked,
OPEX_010,FY2026_annual,8331,USD_m,SRC-024,ORCL_2026_10-K_FY_Ended_2026-05-31.pdf,"Consolidated statements of operations, PDF p.67 (filing p.65)",reported,GAAP,,exact_millions,extracted,self_checked,
OPEX_020,FY2026_annual,10272,USD_m,SRC-024,ORCL_2026_10-K_FY_Ended_2026-05-31.pdf,"Consolidated statements of operations, PDF p.67 (filing p.65)",reported,GAAP,,exact_millions,extracted,self_checked,
OPEX_030,FY2026_annual,1618,USD_m,SRC-024,ORCL_2026_10-K_FY_Ended_2026-05-31.pdf,"Consolidated statements of operations, PDF p.67 (filing p.65)",reported,GAAP,,exact_millions,extracted,self_checked,
OPEX_040,FY2026_annual,1671,USD_m,SRC-024,ORCL_2026_10-K_FY_Ended_2026-05-31.pdf,"Consolidated statements of operations, PDF p.67 (filing p.65)",reported,GAAP,,exact_millions,extracted,self_checked,
OPEX_065,FY2026_annual,1838,USD_m,SRC-024,ORCL_2026_10-K_FY_Ended_2026-05-31.pdf,"Consolidated statements of operations, PDF p.67 (filing p.65)",reported,GAAP,,exact_millions,extracted,self_checked,10-K merges 'Acquisition related and other' + 'Restructuring' into 'Restructuring and other' (prior years recast: FY25 75+299 = 374).
OPEX_070,FY2026_annual,4811,USD_m,SRC-024,ORCL_2026_10-K_FY_Ended_2026-05-31.pdf,"Consolidated statements of cash flows, PDF p.70 (filing p.68)",supplemental,GAAP,,exact_millions,extracted,self_checked,CF-statement SBC; ties to release non-GAAP table.
PROF_010,FY2026_annual,20606,USD_m,SRC-024,ORCL_2026_10-K_FY_Ended_2026-05-31.pdf,"Consolidated statements of operations, PDF p.67 (filing p.65)",reported,GAAP,,exact_millions,extracted,self_checked,
PROF_030,FY2026_annual,28926,USD_m,SRC-016,ORCL_FY2026_Q4_Earnings_Release_2026-06-10.pdf,"Q4 reconciliation of GAAP to non-GAAP measures, PDF p.6",reported,non-GAAP,,exact_millions,extracted,self_checked,FY non-GAAP operating income (margin 43%).
PROF_050,FY2026_annual,4599,USD_m,SRC-024,ORCL_2026_10-K_FY_Ended_2026-05-31.pdf,"Consolidated statements of operations, PDF p.67 (filing p.65)",reported,GAAP,,exact_millions,extracted,self_checked,
PROF_060,FY2026_annual,3547,USD_m,SRC-024,ORCL_2026_10-K_FY_Ended_2026-05-31.pdf,"Consolidated statements of operations, PDF p.67 (filing p.65)",reported,GAAP,,exact_millions,extracted,self_checked,"Incl. gains from marketable and non-marketable investments net 2,811 (Ampere sale etc.), interest income 780, FX -131, NCI -222, other 309."
PROF_065,FY2026_annual,780,USD_m,SRC-024,ORCL_2026_10-K_FY_Ended_2026-05-31.pdf,"Non-operating income note, PDF p.81",supplemental,GAAP,,exact_millions,extracted,self_checked,
PROF_070,FY2026_annual,19554,USD_m,SRC-024,ORCL_2026_10-K_FY_Ended_2026-05-31.pdf,"Consolidated statements of operations, PDF p.67 (filing p.65)",reported,GAAP,,exact_millions,extracted,self_checked,
PROF_080,FY2026_annual,2467,USD_m,SRC-024,ORCL_2026_10-K_FY_Ended_2026-05-31.pdf,"Consolidated statements of operations, PDF p.67 (filing p.65)",reported,GAAP,,exact_millions,extracted,self_checked,GAAP ETR 12.6%.
PROF_100,FY2026_annual,17087,USD_m,SRC-024,ORCL_2026_10-K_FY_Ended_2026-05-31.pdf,"Consolidated statements of operations, PDF p.67 (filing p.65)",reported,GAAP,,exact_millions,extracted,self_checked,"Preferred dividends 103; NI available to common 16,984."
PROF_110,FY2026_annual,22337,USD_m,SRC-016,ORCL_FY2026_Q4_Earnings_Release_2026-06-10.pdf,"Q4 reconciliation of GAAP to non-GAAP measures, PDF p.6",reported,non-GAAP,,exact_millions,extracted,self_checked,"Non-GAAP NIAC 22,234."
PROF_120,FY2026_annual,5.83,USD_per_share,SRC-024,ORCL_2026_10-K_FY_Ended_2026-05-31.pdf,"Consolidated statements of operations, PDF p.67 (filing p.65)",reported,GAAP,,usd_cents,extracted,self_checked,Basic 5.94; attributable to common shareholders.
PROF_130,FY2026_annual,7.63,USD_per_share,SRC-016,ORCL_FY2026_Q4_Earnings_Release_2026-06-10.pdf,"Q4 reconciliation of GAAP to non-GAAP measures, PDF p.6",reported,non-GAAP,,usd_cents,extracted,self_checked,Ex one-time investment gains: 6.83 (release footnote 1).
PROF_140,FY2026_annual,7623,USD_m,SRC-024,ORCL_2026_10-K_FY_Ended_2026-05-31.pdf,"Consolidated statements of cash flows, PDF p.70 (filing p.68)",reported,GAAP,,exact_millions,extracted,self_checked,"C-02 RESOLUTION: FY26 depreciation $7,623M (CF statement); Note 4 states '$7.6 billion'. The ~$4.8B Research Pack figure is an unsupported estimate."
PROF_150,FY2026_annual,9294,USD_m,SRC-024,ORCL_2026_10-K_FY_Ended_2026-05-31.pdf,"Consolidated statements of cash flows, PDF p.70 (filing p.68)",calculated,GAAP,"= 7,623 + 1,671",exact_millions,extracted,self_checked,
PROF_160,FY2026_annual,29900,USD_m,SRC-024,ORCL_2026_10-K_FY_Ended_2026-05-31.pdf,"Consolidated statements of operations, PDF p.67 (filing p.65)",calculated,GAAP,"= 20,606 + 7,623 + 1,671 (D-014 primary, provisional)",exact_millions,extracted,self_checked,
CF_010,FY2026_annual,31977,USD_m,SRC-024,ORCL_2026_10-K_FY_Ended_2026-05-31.pdf,"Consolidated statements of cash flows, PDF p.70 (filing p.68)",reported,GAAP,,exact_millions,extracted,self_checked,
CF_020,FY2026_annual,55663,USD_m,SRC-024,ORCL_2026_10-K_FY_Ended_2026-05-31.pdf,"Consolidated statements of cash flows, PDF p.70 (filing p.68)",reported,GAAP,,exact_millions,extracted,self_checked,"Unpaid capex 5,279 non-cash addl."
CF_030,FY2026_annual,-23686,USD_m,SRC-024,ORCL_2026_10-K_FY_Ended_2026-05-31.pdf,"Consolidated statements of cash flows, PDF p.70 (filing p.68)",calculated,GAAP,"= 31,977 - 55,663",exact_millions,extracted,self_checked,Oracle-stated -$23.7B (release).
CF_050,FY2026_annual,46093,USD_m,SRC-024,ORCL_2026_10-K_FY_Ended_2026-05-31.pdf,"Consolidated statements of cash flows, PDF p.70 (filing p.68)",reported,GAAP,,exact_millions,extracted,self_checked,"Senior notes/term loans/other, net of issuance costs; $43.0B senior notes issued FY26 per Note 6(3). CP net repayments 2,285 separate; short-term capex financing proceeds 3,345 separate."
CF_060,FY2026_annual,6942,USD_m,SRC-024,ORCL_2026_10-K_FY_Ended_2026-05-31.pdf,"Consolidated statements of cash flows, PDF p.70 (filing p.68)",reported,GAAP,,exact_millions,extracted,self_checked,
CF_070,FY2026_annual,6403,USD_m,SRC-024,ORCL_2026_10-K_FY_Ended_2026-05-31.pdf,"Consolidated statements of cash flows, PDF p.70 (filing p.68)",calculated,GAAP,"= common 1,449 + preferred 4,954 (both filed lines)",exact_millions,extracted,self_checked,Component detail retained; recommend split fields at 5B.
CF_080,FY2026_annual,5787,USD_m,SRC-024,ORCL_2026_10-K_FY_Ended_2026-05-31.pdf,"Consolidated statements of cash flows, PDF p.70 (filing p.68)",reported,GAAP,,exact_millions,extracted,self_checked,Common + preferred dividends paid.
CF_090,FY2026_annual,95,USD_m,SRC-024,ORCL_2026_10-K_FY_Ended_2026-05-31.pdf,"Consolidated statements of cash flows, PDF p.70 (filing p.68)",reported,GAAP,,exact_millions,extracted,self_checked,Excl. 111 tax-withholding share settlements.
BS_050,FY2026_annual,39973,USD_m,SRC-024,ORCL_2026_10-K_FY_Ended_2026-05-31.pdf,"Note 4 Property, plant and equipment, PDF p.83",supplemental,GAAP,,exact_millions,extracted,self_checked,Construction in progress (primarily servers/networking/leasehold improvements for data centers).
DEBT_080,FY2026_annual,130105,USD_m,SRC-024,ORCL_2026_10-K_FY_Ended_2026-05-31.pdf,"Note 6 Notes payable and other borrowings, PDF p.85-86",supplemental,GAAP,,exact_millions,extracted,self_checked,"Total future principal. Schedule: FY27 7,210 / FY28 10,145 / FY29 5,500 / FY30 7,250 / FY31 9,750 / thereafter 90,250."
DEBT_110,FY2026_annual,103,USD_m,SRC-024,ORCL_2026_10-K_FY_Ended_2026-05-31.pdf,"Consolidated statements of operations, PDF p.67 (filing p.65)",reported,GAAP,,exact_millions,extracted,self_checked,"Aggregate cash dividends declared and paid $1,263.89 per preferred share in FY26."
SHARE_010,FY2026_annual,2860,shares_m,SRC-024,ORCL_2026_10-K_FY_Ended_2026-05-31.pdf,"Consolidated statements of operations, PDF p.67 (filing p.65)",reported,GAAP,,exact_millions,extracted,self_checked,
SHARE_020,FY2026_annual,2914,shares_m,SRC-024,ORCL_2026_10-K_FY_Ended_2026-05-31.pdf,"Consolidated statements of operations, PDF p.67 (filing p.65)",reported,GAAP,,exact_millions,extracted,self_checked,
SHARE_050,FY2026_annual,0,shares_m,SRC-024,ORCL_2026_10-K_FY_Ended_2026-05-31.pdf,"MD&A/equity - mandatory convertible preferred and ATM Program, PDF p.55",reported,GAAP,,exact_millions,extracted,self_checked,No ATM sales through May 31 2026.
KPI_050,FY2026_annual,No customer >=10% of revenues,text,SRC-024,ORCL_2026_10-K_FY_Ended_2026-05-31.pdf,"Note 1 - concentrations of risk, PDF p.77",reported,GAAP,,whole_percent,extracted,self_checked,"'No single customer accounted for 10% or more of our total revenues in fiscal 2026, 2025 or 2024.' Notes dependence on large long-term cloud arrangements and key customers' ability to meet contractual obligations."
KPI_070,FY2026_annual,4592,USD_m,SRC-024,ORCL_2026_10-K_FY_Ended_2026-05-31.pdf,"Consolidated statements of cash flows, PDF p.70 (filing p.68)",reported,GAAP,,exact_millions,extracted,self_checked,CF line 'Increase in deferred revenues from customer prepayments with significant financing component'; Note 1: '$4.6 billion of prepayments... with a significant financing component' (none FY25/FY24). Verifies CAP_010 claim (C-05 family).
CAP_010,FY2026_annual,4592,USD_m,SRC-024,ORCL_2026_10-K_FY_Ended_2026-05-31.pdf,"Note 1 - customer prepayments with significant financing component, PDF p.75",reported,GAAP,,exact_millions,extracted,self_checked,Same disclosure as KPI_070; quarterly split not disclosed (9M CF shows only combined deferred-revenue line).
CAP_020,FY2026_annual,3345,USD_m,SRC-024,ORCL_2026_10-K_FY_Ended_2026-05-31.pdf,"Consolidated statements of cash flows, PDF p.70 (filing p.68)",reported,GAAP,,exact_millions,extracted,self_checked,"'Proceeds from short-term financing related to capital expenditures, net'. Q4 standalone not derivable: 9M presents CP + short-term financing combined (2,279)."
CAP_030,FY2026_annual,48,USD_b,SRC-017,ORCL_FY2026_Q4_Earnings_Slides.pdf,Q4 & FY2026 earnings slides,supplemental,non-GAAP,,billions_0dp,extracted,self_checked,"Slides p.5/15: FY26 net cash outlay for capex $48B. Definition verbatim: 'capital expenditures, less (1) other short-term financing cash flow related to capital expenditures and (2) customer prepayments with significant financing component for capital expenditures' (trailing four-quarter basis). FY27 guided ~$70B."
CAP_060,FY2026_annual,13309,USD_m,SRC-024,ORCL_2026_10-K_FY_Ended_2026-05-31.pdf,"Note 9 - unconditional purchase obligations, PDF p.92",supplemental,GAAP,,exact_millions,extracted,self_checked,Unconditional purchase obligations (primarily data center power). Subsequent to 5/31/26: additional $19B commitments for cloud infrastructure assets.
RPO_050,FY2026_annual,12%/34%/34%/rem,buckets,SRC-024,ORCL_2026_10-K_FY_Ended_2026-05-31.pdf,"Note 1 / MD&A - remaining performance obligations, PDF p.74",reported,GAAP,,whole_percent,extracted,self_checked,
REV_010,FY2026_Q1,,,,,,not_disclosed,,,,not_disclosed,self_checked,Filed caption 'Cloud services and license support' discontinued from FY26 Q1; economic content split across REV_011/REV_145 per D-013 bridge (Q-18).
REV_010,FY2026_Q4,,,,,,not_disclosed,,,,not_disclosed,self_checked,Caption discontinued (see Q1 note).
REV_020,FY2026_Q1,,,,,,not_disclosed,,,,not_disclosed,self_checked,Filed caption 'Cloud license and on-premise license' discontinued; continuing series captured as REV_147 'Software license' (by-offerings footnote).
REV_020,FY2026_Q4,,,,,,not_disclosed,,,,not_disclosed,self_checked,Caption discontinued (see Q1 note).
REV_140,FY2026_Q1,,,,,,not_disclosed,,,,not_disclosed,self_checked,MD&A cloud-services split superseded: 'Cloud' is now a filed statement caption (REV_011).
REV_140,FY2026_Q4,,,,,,not_disclosed,,,,not_disclosed,self_checked,Superseded (see Q1 note).
COGS_010,FY2026_Q1,,,,,,not_disclosed,,,,not_disclosed,self_checked,Filed expense caption renamed 'Cloud and software' (COGS_011); prior-year value unchanged - relabel only.
COGS_010,FY2026_Q4,,,,,,not_disclosed,,,,not_disclosed,self_checked,Caption renamed (see Q1 note).
OPEX_050,FY2026_Q4,,,,,,not_disclosed,,,,not_disclosed,self_checked,Not separately disclosed: Q4 release/10-K present combined 'Restructuring and other' (OPEX_065). 9M separate values exist (55) but Q4 split undisclosed.
OPEX_060,FY2026_Q4,,,,,,not_disclosed,,,,not_disclosed,self_checked,Not separately disclosed (see OPEX_050); 9M separate value 961.
OPEX_065,FY2026_Q1,,,,,,not_disclosed,,,,not_disclosed,self_checked,Combined caption not used in Q1 10-Q (separate OPEX_050/060 filed).
CF_040,FY2026_Q1,,,,,,not_disclosed,,,,not_disclosed,self_checked,"No separate 'Acquisitions, net of cash acquired' line in FY26 cash-flow presentations (combined within purchases of marketable securities and other investments)."
CF_040,FY2026_Q4,,,,,,not_disclosed,,,,not_disclosed,self_checked,"FY caption 'Purchases of marketable securities and other investments AND ACQUISITIONS' vs 9M caption without acquisitions - definitions inconsistent, derivation refused per caption-consistency rule."
CF_010,FY2026_Q4,,,,,,not_disclosed,,,,not_disclosed,self_checked,No Q4 10-Q exists; YTD-as-filed field structurally empty for Q4 (annual in FY2026_annual column; standalone in CF_015).
CF_020,FY2026_Q4,,,,,,not_disclosed,,,,not_disclosed,self_checked,Same as CF_010.
SHARE_050,FY2026_Q1,,,,,,not_disclosed,,,,not_disclosed,self_checked,ATM program did not exist in Q1 FY26 (announced with Feb 2026 financing plan).
KPI_030,FY2026_Q1,,,,,,not_disclosed,,,,not_disclosed,self_checked,No utilization disclosure in Q1 release/10-Q; transcripts missing (Q-04).
KPI_040,FY2026_Q1,,,,,,not_disclosed,,,,not_disclosed,self_checked,Region counts not disclosed in Q1 materials in repo.
KPI_040,FY2026_Q4,,,,,,not_disclosed,,,,not_disclosed,self_checked,Region counts not in Q4 release/slides (datacenter site names/GW figures captured in KPI_030 notes instead).
KPI_060,FY2026_Q1,,,,,,not_disclosed,,,,not_disclosed,self_checked,No BYOH/prepay disclosure in Q1 materials.
KPI_070,FY2026_Q1,,,,,,not_disclosed,,,,not_disclosed,self_checked,Prepayment balance not disclosed in Q1 10-Q (phenomenon disclosed from Q4/10-K).
CAP_010,FY2026_Q1,,,,,,not_disclosed,,,,not_disclosed,self_checked,Not disclosed in Q1 materials.
CAP_010,FY2026_Q4,,,,,,not_disclosed,,,,not_disclosed,self_checked,Quarterly split of FY26 $4.6B prepayments not disclosed.
CAP_020,FY2026_Q1,,,,,,not_disclosed,,,,not_disclosed,self_checked,"Not separately disclosed in Q1 CF ('Other financing activities, net' 1,855 likely contains it per later TTM disclosures; not separable)."
CAP_020,FY2026_Q4,,,,,,not_disclosed,,,,not_disclosed,self_checked,9M presents commercial paper + short-term financing combined; Q4 standalone not derivable (caption mismatch).
CAP_030,FY2026_Q1,,,,,,not_disclosed,,,,not_disclosed,self_checked,Net-cash-capex metric introduced in FY26 Q4 reporting; not presented for Q1 standalone.
CAP_030,FY2026_Q4,,,,,,not_disclosed,,,,not_disclosed,self_checked,Disclosed only on trailing-four-quarter/FY basis ($48B FY26); Q4 standalone not disclosed.
DEBT_090,FY2026_annual,,,,,,not_disclosed,,,,not_disclosed,self_checked,No single weighted-average rate disclosed; per-instrument effective rates only (Note 6).
